Country,Code,Year,Nitrogen oxide,Sulphur dioxide,Organic Carbon ,Black Carbon,Ammonia,NMVOCs,,
Algeria,DZA,2000,259742.44,99556.484,1163390.6,52766.76,82898.12,1002841.3,,
Algeria,DZA,2001,259294.86,91087.23,1114166.4,47093.31,83139.63,978766.6,,
Algeria,DZA,2002,293826.3,118613.93,1162100.8,48631.273,83576.06,959356.4,,
Algeria,DZA,2003,289759.84,108086.62,1166238.5,49078.914,85245.9,1002011.7,,
Algeria,DZA,2004,315098.84,121832.65,1199527.8,49500.914,88542.4,1053564.1,,
Algeria,DZA,2005,327800.9,124208.836,1201831,50002.516,87285.37,1075959.2,,
Algeria,DZA,2006,356095.53,126614.48,1074689.5,52106.1,86813.24,981591.9,,
Algeria,DZA,2007,385898.3,130950.29,1121048.1,57147.445,86066.07,990375.1,,
Algeria,DZA,2008,396021.5,87057.68,1175321.8,59025.684,84272.67,1001820.8,,
Algeria,DZA,2009,427018.9,90476.13,1125211.8,62857.957,90067.42,942050.9,,
Algeria,DZA,2010,446040.66,92714.125,1165111,62097.152,97648.58,938701.94,,
Algeria,DZA,2011,462949.9,91536.53,1234960.4,60777.16,99113.3,958463.94,,
Algeria,DZA,2012,509080.3,81359.41,1383404.4,72656.54,104656.07,978454.1,,
Algeria,DZA,2013,523045.47,68645.98,1451675.1,74925.49,100195.31,986288.75,,
Algeria,DZA,2014,565299.2,69230.96,1471353,77393.586,113837.54,1014349.75,,
Algeria,DZA,2015,603110.3,73616.89,1543333.2,80285.9,124461.98,1030683.94,,
Algeria,DZA,2016,579998.94,65989.75,1427857.6,77388.086,119987.93,1005820,,
Algeria,DZA,2017,574673.3,61321.44,1386345,77074.85,118650.01,975450.44,,
Algeria,DZA,2018,587317,62614.215,1345181,77365.52,112884.5,959556.9,,
Algeria,DZA,2019,587951.6,66535.41,1402287.5,77900.75,114661.65,954782.9,,
Algeria,DZA,2020,541362.5,54605.273,1415262,73002.84,116060.39,907701,,
Algeria,DZA,2021,578876.9,53103.96,1311757.2,71425.72,117760.66,922519.56,,
Algeria,DZA,2022,576903.6,55288.79,1301419.5,72071.09,119318.02,922017.06,,
Angola,AGO,2000,50066.383,14993.591,1121834.1,17088.678,90913.11,457461.3,,
Angola,AGO,2001,52882.688,16766.525,1134956.5,17313.338,92682.51,461306.44,,
Angola,AGO,2002,54911.44,17034.49,1150389.1,18150.201,94748.7,504780.56,,
Angola,AGO,2003,71138.42,28945.79,1154633.1,18288.54,96279.13,509593.5,,
Angola,AGO,2004,80879.12,28546.496,1194757.5,18175.467,98025.82,549370.94,,
Angola,AGO,2005,66723.3,21864.156,1181140.1,18052.87,101559.97,606881.06,,
Angola,AGO,2006,80375.54,30855.494,1204804,19766.076,105102.516,652579.25,,
Angola,AGO,2007,96268.9,40278.355,1235931.4,20670.002,108839.18,724272,,
Angola,AGO,2008,113288.805,45903.906,1279097.1,22125.285,112789.6,779553.25,,
Angola,AGO,2009,122340.57,52135.004,1319224.4,23458.66,116813.3,770174.44,,
Angola,AGO,2010,134117.84,54704.19,1359289.8,24029.805,121472.516,771299.44,,
Angola,AGO,2011,140362.8,54909.92,1395220,24549.387,125789.67,751152.44,,
Angola,AGO,2012,167456,67394.26,1410711,24188.95,130470.48,777980.4,,
Angola,AGO,2013,176123.61,78946.445,1420408.6,26823.854,135677.42,786400.75,,
Angola,AGO,2014,211559.06,99785.234,1462466.6,27794.383,141081.39,787428,,
Angola,AGO,2015,216079.61,98179.8,1475198.1,28209.326,144905.45,816203.06,,
Angola,AGO,2016,202964.61,95892.66,1478552.8,26904.68,147498.92,802201.8,,
Angola,AGO,2017,181231.11,85218.73,1466895.2,25397.709,150628.73,774141.3,,
Angola,AGO,2018,170155.84,79321.36,1475831.5,25570.164,152138.56,769443.2,,
Angola,AGO,2019,189718.86,88844.59,1511839.8,27117.342,156650.7,782450.1,,
Angola,AGO,2020,121447.25,54669.258,1500781.1,21960.357,160818.36,784661.8,,
Angola,AGO,2021,160919,69910.12,1584183,24470.287,165592.12,806321,,
Angola,AGO,2022,183271.23,87705.2,1609260.9,24573.287,170061.67,816124.44,,
Benin,BEN,2000,17789.281,3050.6028,331971.1,4893.2305,34590.89,84633.664,,
Benin,BEN,2001,19033.172,3312.7275,343045.44,5059.185,37566.117,91732.695,,
Benin,BEN,2002,21484.299,3534.747,355639.78,5288.149,38719.8,96508.875,,
Benin,BEN,2003,23716.828,3452.4731,370192.47,5458.2856,40034.594,101904.18,,
Benin,BEN,2004,24236.818,3672.0938,381426.53,5628.9355,41037.2,105985.83,,
Benin,BEN,2005,25915.21,4047.205,397842.2,5705.5415,42261.14,112056.82,,
Benin,BEN,2006,31381.791,4839.611,438209.16,6485.4385,43863.48,119783.06,,
Benin,BEN,2007,35990.93,6178.888,456574.28,7068.828,45217.55,124800.14,,
Benin,BEN,2008,37515.82,6050.5083,470641.56,7215.537,44583.305,125732.94,,
Benin,BEN,2009,41132.777,6893.938,487417.53,7620.915,45928.2,130069.08,,
Benin,BEN,2010,44740.637,7529.773,535614.94,6820.7437,48577.91,149030.55,,
Benin,BEN,2011,44889.58,6416.0195,551529.56,6982.9067,50231.367,162596.28,,
Benin,BEN,2012,45493.73,6457.37,563659.4,7157.5273,51591.695,166565.75,,
Benin,BEN,2013,49289,7272.0444,618477.25,8043.2207,54347.633,178595.27,,
Benin,BEN,2014,54539.2,8286.233,646825.06,8360.061,55889.746,185056.25,,
Benin,BEN,2015,63621.992,9240.322,640255.75,8807.721,56584.527,186197.97,,
Benin,BEN,2016,71297.32,9945.713,691985.25,9083.845,58259.277,197437.89,,
Benin,BEN,2017,72157.195,9778.852,705484.06,9179.164,59768.473,201945.67,,
Benin,BEN,2018,79909.31,10134.17,731113.56,9871.398,61380.492,208428.73,,
Benin,BEN,2019,76782.18,11667.777,739467.06,10120.351,63288.758,210542.16,,
Benin,BEN,2020,83494.65,12492.986,758637.56,10437.538,64949.844,215361.69,,
Benin,BEN,2021,57520.684,8543.451,735911.7,8740.086,66228.61,212795.05,,
Benin,BEN,2022,60139.723,9387.683,744206.9,8740.375,67610.07,215894.86,,
Botswana,BWA,2000,30151.205,67928.07,142737.61,3080.6367,24376.18,32948.465,,
Botswana,BWA,2001,30376.664,61564.004,153918.66,3182.2773,23817.713,35154.605,,
Botswana,BWA,2002,30641.404,67335.23,153926.6,3152.1926,20910.418,35181.535,,
Botswana,BWA,2003,30342.055,73568.586,151845.6,3056.4,20695.107,34373.18,,
Botswana,BWA,2004,30190.682,65607.74,139204.8,2989.9768,20562.082,32284.463,,
Botswana,BWA,2005,31894.3,79824.836,138902.72,2878.031,21240.87,33061.484,,
Botswana,BWA,2006,32078.209,71001.96,143943.61,2945.879,21545.04,34154.773,,
Botswana,BWA,2007,31851.88,63536.883,148920.05,3270.3408,21492.719,34686.633,,
Botswana,BWA,2008,35137.184,68880.97,153251.23,3306.8071,22193.498,36033.29,,
Botswana,BWA,2009,32833.43,69596.59,152591.94,3164.3203,23388.492,35388.49,,
Botswana,BWA,2010,29321.771,58424.395,147995.88,3129.7188,24236.645,33905.75,,
Botswana,BWA,2011,33438.203,48676.516,152446.08,3210.6843,23680.158,34138.88,,
Botswana,BWA,2012,39131.297,47306.777,153937.16,3381.8127,21939.469,35679.867,,
Botswana,BWA,2013,41413.254,71060.13,151242.56,3581.8386,21135.766,35778.668,,
Botswana,BWA,2014,47280.95,69709.22,156227.11,3585.6765,18543.713,36801,,
Botswana,BWA,2015,46722.613,67878.32,159888.28,3441.1284,18763.24,38319.02,,
Botswana,BWA,2016,44164.637,60927.332,158892.64,3190.2764,17817.91,37634.55,,
Botswana,BWA,2017,47287.2,42642.53,157923.8,3200.4722,15608.885,37862.49,,
Botswana,BWA,2018,51945.35,47414.734,157921.86,3368.3474,17643.025,38231.07,,
Botswana,BWA,2019,46671.188,40995.66,155035.45,3202.7983,17864.002,37639.223,,
Botswana,BWA,2020,38151.855,30511.53,149140.69,3033.597,18072.533,36499.36,,
Botswana,BWA,2021,40031.25,33967.773,148114.42,3074.7717,18289.55,36304.438,,
Botswana,BWA,2022,42942.098,39464.945,148655.36,3037.4175,18530.611,36389.137,,
Burkina Faso,BFA,2000,22766.793,7413.842,480534.38,13939.714,82226,115752.64,,
Burkina Faso,BFA,2001,24148.127,7682.191,554203,14110.208,87367.22,133478.72,,
Burkina Faso,BFA,2002,23854.766,7452.826,478103.94,14324.093,87930.32,123693.27,,
Burkina Faso,BFA,2003,25968.559,7793.171,489579.4,14591.89,101060.47,129860.17,,
Burkina Faso,BFA,2004,26817.234,8368.545,596947.06,14927.763,106498.875,153001.5,,
Burkina Faso,BFA,2005,29561.479,9033.06,742965.8,15541.122,113485.7,185856.11,,
Burkina Faso,BFA,2006,30456.809,10498.521,778516.8,15991.149,117168.64,194881.98,,
Burkina Faso,BFA,2007,34413.406,12395.087,821039,16555.393,120901.914,205499.5,,
Burkina Faso,BFA,2008,37116.137,11114.058,876915.5,16902.04,125438.66,218939.11,,
Burkina Faso,BFA,2009,36689.33,11101.435,896884.1,17207.857,128610.38,225023.38,,
Burkina Faso,BFA,2010,38109.766,11303.537,915125.25,16909.709,131900.53,231326.08,,
Burkina Faso,BFA,2011,42609.535,11234.469,934796.94,16475.912,134905.08,237040.67,,
Burkina Faso,BFA,2012,45792.996,10996.134,970602.9,16187.564,137135.45,244317.94,,
Burkina Faso,BFA,2013,50062.08,10445.089,983333.3,15697.777,140511.42,251500.03,,
Burkina Faso,BFA,2014,48399.46,11291.837,984698.44,15300.47,143197.84,254098.72,,
Burkina Faso,BFA,2015,52171.168,12088.357,971051.2,14961.752,147285.28,257846.83,,
Burkina Faso,BFA,2016,54852.5,12367.321,959552.1,14662.911,150153.6,258571.66,,
Burkina Faso,BFA,2017,57539.5,13783.028,958291.7,14387.8955,152939.14,262477,,
Burkina Faso,BFA,2018,58462.434,14758.54,944036.7,14081.427,153796.94,263494.16,,
Burkina Faso,BFA,2019,60906.36,15347.11,956987.8,14197.3955,157667.12,268917,,
Burkina Faso,BFA,2020,61735.906,15465.766,967355.7,14364.456,161670.94,273678,,
Burkina Faso,BFA,2021,62175.965,15473.313,978931.7,14481.092,165764.78,278672.12,,
Burkina Faso,BFA,2022,66535.76,18194.705,987248.7,14485.668,169919.84,283216.4,,
Burundi,BDI,2000,9795.045,2889.523,341728.03,7908.6865,26291.758,74126.51,,
Burundi,BDI,2001,10894.725,2634.5564,483027.44,7939.047,30768.547,100533.38,,
Burundi,BDI,2002,10814.851,2582.2258,489239.47,8072.987,30960.168,103641.2,,
Burundi,BDI,2003,10684.937,2343.2212,494197.66,8234.133,31709.56,106387.586,,
Burundi,BDI,2004,11483.535,2644.1428,501597.28,8469.48,32944.86,109300.23,,
Burundi,BDI,2005,11531.584,2480.791,507132.97,8815.371,33653.09,111904.84,,
Burundi,BDI,2006,12164.558,2714.4233,516820.56,9053.391,34821.918,114605.88,,
Burundi,BDI,2007,13478.737,2777.119,530334.94,9322.068,35869.41,118349.82,,
Burundi,BDI,2008,12727.317,2795.4624,539030.4,9572.642,37163.734,121174.45,,
Burundi,BDI,2009,12861.052,2825.3423,550930.9,9812.764,38769.953,124567.16,,
Burundi,BDI,2010,13255.855,2835.8716,561218.75,9670.465,40455.67,127572.46,,
Burundi,BDI,2011,14132.357,2672.1152,568912.7,9458.355,42233,131158.67,,
Burundi,BDI,2012,11362.656,2624.3162,369758.8,9295.161,37562.89,94404.914,,
Burundi,BDI,2013,12049.767,2513.5486,435740.12,9044.276,41431.91,113753.07,,
Burundi,BDI,2014,11419.907,2574.4397,427697.47,8858.519,42908.723,113064.92,,
Burundi,BDI,2015,11605.523,2436.8838,420250.7,8658.086,42841.168,113196.54,,
Burundi,BDI,2016,11804.62,2427.9636,413310.34,8478.644,43089.957,113799.84,,
Burundi,BDI,2017,12246.983,2534.807,409885,8284.697,45969.117,115409.22,,
Burundi,BDI,2018,12272.055,2591.0793,405075.06,8083.319,46995.836,117606.46,,
Burundi,BDI,2019,12594.299,2638.5642,409993.03,8139.964,48269.418,120136.55,,
Burundi,BDI,2020,12737.343,2645.4854,415394.94,8223.419,49570.254,122694.21,,
Burundi,BDI,2021,12851.787,2684.2944,421609.78,8305.844,50892.582,125354.195,,
Burundi,BDI,2022,13273.666,2968.012,424355.53,8298.699,52140.047,127516.79,,
Cameroon,CMR,2000,43157.99,16301.899,1028085.94,21478.084,108107.21,241264.77,,
Cameroon,CMR,2001,44141.844,15757.14,1048788,21831.533,111868.19,247199.02,,
Cameroon,CMR,2002,46586.37,16878.785,1108520.4,23596.553,110162.07,260843.11,,
Cameroon,CMR,2003,47876.336,17249.191,1141250.8,24137.98,113548.93,266407.44,,
Cameroon,CMR,2004,48881.023,18121.023,1172568.4,24680.564,117930.49,270040.4,,
Cameroon,CMR,2005,50142.812,19113.537,1202831.9,25068.299,119610.18,276801.38,,
Cameroon,CMR,2006,51720.723,19303.037,1062760.2,22278.348,116235.66,258906.89,,
Cameroon,CMR,2007,55471.49,21424.52,915277.4,18911.012,113927.914,237794.33,,
Cameroon,CMR,2008,55483.027,22468.262,935679.8,19352.234,111414.76,243030.19,,
Cameroon,CMR,2009,60709.41,26210.91,969565.6,20475.387,114089.83,248729.52,,
Cameroon,CMR,2010,61912.395,27904.451,967409.75,20613.926,119205.734,249872.89,,
Cameroon,CMR,2011,63028.074,27719.514,988289,21132.406,124178.55,255224.16,,
Cameroon,CMR,2012,65412.047,27420.117,1014047.94,23175.979,123353.195,263124.62,,
Cameroon,CMR,2013,67245.95,29279.965,1037998.9,24208.283,127251.96,288522.34,,
Cameroon,CMR,2014,71383.086,31721.111,1070102.6,25273.457,130143.01,284123.56,,
Cameroon,CMR,2015,67137.71,25665.764,1079082.9,26418.396,135028.83,309454.2,,
Cameroon,CMR,2016,67148.56,26414.623,1106613.4,27110.125,136735.9,316851,,
Cameroon,CMR,2017,67410.84,27195.783,1129384.6,27726.898,139223.62,320092.53,,
Cameroon,CMR,2018,69519.98,28735.29,1168558.8,28534.795,140084.56,334879.16,,
Cameroon,CMR,2019,69044.91,27226.105,1193862.8,29078.537,143538.77,342311.97,,
Cameroon,CMR,2020,68562.1,27090.654,1222064.8,29142.76,147048.22,349670.66,,
Cameroon,CMR,2021,67609.64,26301.457,1248820.1,29327.86,150566.95,357271,,
Cameroon,CMR,2022,68676.305,27966.969,1250956.9,29240.252,153343.88,360682.62,,
Cape Verde,CPV,2000,3003.9907,975.1944,16831.398,548.3002,2875.7368,4220.9707,,
Cape Verde,CPV,2001,3352.8494,1139.7006,19507.826,565.7488,3062.462,4815.888,,
Cape Verde,CPV,2002,3631.4893,1231.5474,19782.55,585.7524,3081.3843,4989.534,,
Cape Verde,CPV,2003,3561.8823,1254.6542,15194.993,581.58997,2940.4163,4022.7437,,
Cape Verde,CPV,2004,3932.0764,1395.3444,15500.476,599.0796,3025.2622,4104.2495,,
Cape Verde,CPV,2005,5773.9663,1656.6951,17556.049,638.1389,3035.4636,4574.158,,
Cape Verde,CPV,2006,6218.3906,1621.5719,18022.498,650.12177,3044.925,4647.7285,,
Cape Verde,CPV,2007,6569.7974,1929.0725,18476.736,692.45245,3108.2292,4799.3374,,
Cape Verde,CPV,2008,6908.8115,1462.4374,18618.586,634.7617,3154.7456,4836.309,,
Cape Verde,CPV,2009,6918.0786,1611.5552,18650.297,642.11816,3307.7302,4947.9688,,
Cape Verde,CPV,2010,9066.155,2010.5774,18862.07,629.09924,3389.4622,5113.476,,
Cape Verde,CPV,2011,11910.751,2799.7139,21291.3,659.3497,2314.8442,5639.7915,,
Cape Verde,CPV,2012,10524.595,2433.596,20131.383,666.65137,2353.9758,5502.862,,
Cape Verde,CPV,2013,10195.305,2246.937,19426.166,652.2763,2390.724,5540.402,,
Cape Verde,CPV,2014,10885.233,2598.1838,20052.088,636.7162,2392.8464,5625.194,,
Cape Verde,CPV,2015,12192.771,2684.84,20666.195,637.90283,2411.1243,5768.0825,,
Cape Verde,CPV,2016,13084.309,2788.9956,21254.113,636.04565,2417.8943,5874.14,,
Cape Verde,CPV,2017,13955.648,3135.775,21793.904,646.11115,2229.0845,6000.145,,
Cape Verde,CPV,2018,13843.766,3309.9297,21332.473,647.24677,2231.4941,5903.944,,
Cape Verde,CPV,2019,14488.501,3668.4124,22809.67,660.892,2255.0676,6196.996,,
Cape Verde,CPV,2020,14417.696,3010.2305,22725.79,676.48334,2276.1665,6159.667,,
Cape Verde,CPV,2021,14615.419,3040.6746,22600.852,679.9323,2297.1987,6122.777,,
Cape Verde,CPV,2022,16203.997,3763.4873,23120.285,685.4201,2331.819,6188.6436,,
Central African Republic,CAF,2000,7922.7046,2099.144,128488.95,4444.178,34238.99,32477.055,,
Central African Republic,CAF,2001,8602.087,2186.4304,127935.08,4446.9893,35144.258,33057.33,,
Central African Republic,CAF,2002,8671.464,2104.3506,127580.73,4460.6636,36091.56,33649.188,,
Central African Republic,CAF,2003,8455.897,2055.41,126796.055,4474.503,37105.18,34090.242,,
Central African Republic,CAF,2004,8699.635,2023.7579,126508.445,4502.117,38067.848,34531.61,,
Central African Republic,CAF,2005,8848.975,2105.606,126084.836,4620.209,38842.984,35224.766,,
Central African Republic,CAF,2006,9255.066,2090.4048,126658.79,4664.231,39659.254,35629.895,,
Central African Republic,CAF,2007,9316.996,2157.6184,166374.69,4723.8184,42727.543,46399.855,,
Central African Republic,CAF,2008,9700.455,2146.2085,168039.42,4766.1846,44181.73,47155.496,,
Central African Republic,CAF,2009,9652.112,2122.7434,169329.55,4806.5527,45382.332,47743.242,,
Central African Republic,CAF,2010,9632.498,2177.3442,171594.42,4680.841,46665.535,48674.27,,
Central African Republic,CAF,2011,10400.991,2133.4573,173447.95,4499.335,48739.562,49398.17,,
Central African Republic,CAF,2012,10451.422,2011.2482,177454.78,4361.4097,49169.906,50500.004,,
Central African Republic,CAF,2013,10372.129,1896.5558,176886.62,4182.5386,49583.246,50908.7,,
Central African Republic,CAF,2014,10430.529,2042.8214,176085.89,4036.8328,50032.83,50985.55,,
Central African Republic,CAF,2015,11019.805,2120.0957,173736.4,3898.4536,50811.95,51079.184,,
Central African Republic,CAF,2016,11600.84,2151.1443,171620.77,3779.6099,52873.316,51297.473,,
Central African Republic,CAF,2017,12001.567,2346.9395,172830.12,3663.6038,53543.56,52280.69,,
Central African Republic,CAF,2018,12010.266,2464.1404,170603.6,3544.6978,53917.97,52467.89,,
Central African Republic,CAF,2019,12398.046,2586.5825,172053.42,3538.4878,54917.45,53222.73,,
Central African Republic,CAF,2020,12499.857,2456.4866,173116.45,3545.448,55933.57,53872.887,,
Central African Republic,CAF,2021,12631.105,2461.1228,174349.25,3546.81,56960.914,54554.31,,
Central African Republic,CAF,2022,13356.241,2890.1719,175886.38,3546.1926,58011.04,55287.086,,
Chad,TCD,2000,18471.893,2689.0442,422183.12,9613.714,100203.51,96254.22,,
Chad,TCD,2001,19045.553,2739.5845,429649.75,9813.598,105398.38,100559.086,,
Chad,TCD,2002,19756.287,2712.6594,437634.47,10056.094,110434.23,105058.52,,
Chad,TCD,2003,20716.729,2887.2273,445527.97,10490.44,115606.52,119131.36,,
Chad,TCD,2004,21821.725,2999.8203,455048.2,10974.914,121248.48,149342.5,,
Chad,TCD,2005,23077.969,3228.2988,467683.78,11510.425,127346.445,156944.16,,
Chad,TCD,2006,24038.688,3288.2896,478230.47,11791.224,133527.02,156691.92,,
Chad,TCD,2007,24992.19,3508.706,490725.78,12100.511,140724.45,158111.67,,
Chad,TCD,2008,25982.01,3629.481,501919.53,12386.014,147615.88,158704.64,,
Chad,TCD,2009,26879.756,3601.5493,514854.56,12645.58,154913.56,159831.97,,
Chad,TCD,2010,27928.568,3604.4836,526274.44,12460.681,162738.64,164241.64,,
Chad,TCD,2011,29217.543,3354.401,536569.2,12149.879,170733.97,167306.56,,
Chad,TCD,2012,30305.746,3341.3303,555564.5,11830.306,179496.16,171750.56,,
Chad,TCD,2013,31366.732,3277.7178,561449.56,11480.694,188156.92,176172.5,,
Chad,TCD,2014,32522.66,3318.2278,564355.5,11236.539,197754.14,182414.1,,
Chad,TCD,2015,35575.996,3029.0823,557788.8,11017.664,226264.53,185310.14,,
Chad,TCD,2016,37130.977,3021.1733,552151.06,10786.077,237660.34,183798.23,,
Chad,TCD,2017,38840.973,3099.5864,553022.3,10540.132,249768.97,190920.05,,
Chad,TCD,2018,39587.062,3131.1433,547023.44,10316.398,254676.73,193729.75,,
Chad,TCD,2019,40801.26,3217.8335,554318.44,10406.997,262433.34,197364.9,,
Chad,TCD,2020,41737.098,3178.2095,562401.4,10535.831,270382.66,201095.4,,
Chad,TCD,2021,42652.914,3215.949,571358.2,10653.314,278509.78,205012.33,,
Chad,TCD,2022,44195.484,3393.7556,576397.5,10654.317,286704.62,208370.53,,
Comoros,COM,2000,1536.8081,536.6183,23463.74,755.58905,2074.43,5627.3516,,
Comoros,COM,2001,1584.7566,583.66425,24153.336,766.48315,2133.8474,5917.3887,,
Comoros,COM,2002,1623.8433,573.68896,24866.527,777.7361,2194.8914,6222.402,,
Comoros,COM,2003,1804.7838,604.25397,25904.943,790.49445,2204.088,6592.5293,,
Comoros,COM,2004,1917.041,657.54297,26869.354,810.1752,2264.0735,6947.1606,,
Comoros,COM,2005,1950.2604,732.52094,28089.809,845.9536,2340.202,7420.192,,
Comoros,COM,2006,2121.0044,756.8651,28831.629,867.1077,2398.5437,7631.935,,
Comoros,COM,2007,1917.4817,765.77155,29563.824,881.99414,2470.5854,7837.049,,
Comoros,COM,2008,1974.6387,743.1521,30434.266,894.39465,2526.482,8075.245,,
Comoros,COM,2009,2118.4148,754.1275,31497.13,903.6053,2582.0166,8349.632,,
Comoros,COM,2010,2239.039,801.61536,32383.805,890.2314,2643.0684,8613.322,,
Comoros,COM,2011,2169.318,826.4389,33009.176,870.09106,2701.629,8803.0205,,
Comoros,COM,2012,2220.8418,801.9955,34112.22,857.64075,2760.0027,9092.487,,
Comoros,COM,2013,2364.0986,757.90485,34667.766,832.23816,2806.2795,9336.411,,
Comoros,COM,2014,2244.4207,830.33154,34839.76,809.7573,2845.0217,9432.405,,
Comoros,COM,2015,2336.5806,891.4426,34908.91,796.8714,2880.1458,9576.533,,
Comoros,COM,2016,2435.3674,911.8791,34928.2,782.6904,2915.1287,9691.814,,
Comoros,COM,2017,2574.585,1023.904,35707.793,771.77856,2973.6357,10008.854,,
Comoros,COM,2018,2614.728,1101.209,35738.367,758.3702,3014.395,10145.198,,
Comoros,COM,2019,2777.6206,1142.2966,36347.375,764.1592,3068.7222,10344.126,,
Comoros,COM,2020,2840.6028,1144.8438,36698.938,772.11224,3124.293,10486.735,,
Comoros,COM,2021,2852.6125,1143.6027,37036.504,774.8867,3180.2249,10626.933,,
Comoros,COM,2022,2934.8113,1366.674,37392.45,775.89526,3240.6663,10773.498,,
Congo,COG,2000,7329.0747,1705.1653,128102.664,3444.3518,10651.095,107206.125,,
Congo,COG,2001,8259.359,2358.872,134637.64,3393.735,11021.431,104306.28,,
Congo,COG,2002,6936.499,1750.8938,139073.95,3432.2676,11469.664,102056.4,,
Congo,COG,2003,8330.8,3072.7634,149493.11,3426.9983,11932.423,99996.55,,
Congo,COG,2004,9206.117,3128.2815,159509.73,3543.5771,12620.257,104397.875,,
Congo,COG,2005,10105.892,3082.584,171508.39,3617.0986,13371.616,112350.88,,
Congo,COG,2006,12400.219,4042.0442,232421.28,4765.7007,15513.174,130615.48,,
Congo,COG,2007,13853.153,4018.8694,191771.89,3524.1,14832.876,111653.28,,
Congo,COG,2008,17215.762,6624.289,203676.67,3914.577,15534.83,117566.43,,
Congo,COG,2009,16946.498,7119.6875,216822.47,4338.3496,16074.763,130116.18,,
Congo,COG,2010,18841.531,7756.5254,230493.31,4802.4473,16777.443,141419.77,,
Congo,COG,2011,21848.541,8976.459,321697.6,6540.622,19755.959,152516.12,,
Congo,COG,2012,25745.996,8191.699,330307.94,6368.4673,20152.68,150637.86,,
Congo,COG,2013,27961.766,9335.746,340685.7,7026.57,20616.264,146241.64,,
Congo,COG,2014,29250.076,9215.997,349782.3,6974.221,21052.17,150139.25,,
Congo,COG,2015,32025.914,9373.8,322342.16,6607.8184,20550.531,143982.45,,
Congo,COG,2016,27988.52,7527.2607,327682.28,6365.8726,21177.645,144630.92,,
Congo,COG,2017,24525.4,8036.0405,331653.22,6437.906,21688.557,154129.45,,
Congo,COG,2018,25286.002,7910.985,338494.94,6783.205,22129.94,156397.95,,
Congo,COG,2019,27843.543,8306.941,344583.1,6901.587,22648.396,158242.8,,
Congo,COG,2020,27399.424,7969.2783,348803.38,6938.9346,23171.734,159875.77,,
Congo,COG,2021,27829.059,8100.2207,354889.53,6761.1396,23709.709,161843.89,,
Congo,COG,2022,28421.744,8869.211,358556.2,6918.5894,24185.848,163468.02,,
Cote d'Ivoire,CIV,2000,52639.797,25697.453,838318.25,11038.182,80368.68,260597.08,,
Cote d'Ivoire,CIV,2001,51786.85,25587.604,848180.2,11053.104,79769.07,272525.72,,
Cote d'Ivoire,CIV,2002,53250.457,22899.7,874436.9,11181.127,85492.74,287866.5,,
Cote d'Ivoire,CIV,2003,44342.047,16485.88,880618.5,11204.908,82943.484,304673.7,,
Cote d'Ivoire,CIV,2004,46799.934,21469.12,1153359.9,14797.39,92744.37,405451.28,,
Cote d'Ivoire,CIV,2005,50245.55,21089.305,1192176.4,15165.788,95522.9,431151.84,,
Cote d'Ivoire,CIV,2006,45193.703,16542.94,1230779.6,15407.968,96982.43,456155.38,,
Cote d'Ivoire,CIV,2007,47993.727,14090.389,1264280.2,15946.491,100439.914,471363.3,,
Cote d'Ivoire,CIV,2008,49451.285,13998.05,1262191.2,15938.72,101829.27,475894.88,,
Cote d'Ivoire,CIV,2009,44883.36,12889.524,1185339.6,15101.963,101507.3,440000,,
Cote d'Ivoire,CIV,2010,45784.53,14180.144,1281459.8,16679.52,102400.84,422708.22,,
Cote d'Ivoire,CIV,2011,47481.773,12288.676,1510820,19072.67,110565.89,479913.03,,
Cote d'Ivoire,CIV,2012,60180.637,22419.465,1570543.1,20141.201,116447.17,499165.84,,
Cote d'Ivoire,CIV,2013,60874.535,17813.098,1634804.6,20681.816,120427.51,507598.3,,
Cote d'Ivoire,CIV,2014,65368.89,21248.463,1681071.1,21117.979,126090.53,523250.5,,
Cote d'Ivoire,CIV,2015,71042.65,20241.584,1548659.9,17255.293,121098.414,524235.03,,
Cote d'Ivoire,CIV,2016,66762.77,13299.438,1616761.9,16857.734,124970.37,555177.25,,
Cote d'Ivoire,CIV,2017,70731.08,15100.091,1545073.5,17858.965,121032.61,527467.75,,
Cote d'Ivoire,CIV,2018,69558.016,13417.409,1480548.6,16470.553,119611.61,521089.78,,
Cote d'Ivoire,CIV,2019,73164.9,13940.137,1548778.6,17476.25,123394.32,538504.4,,
Cote d'Ivoire,CIV,2020,69577.93,13603.907,1588104.6,17875.352,126429.35,551034.4,,
Cote d'Ivoire,CIV,2021,79389.984,15658.954,1629780.1,18702.186,129277.234,564653.2,,
Cote d'Ivoire,CIV,2022,80309.51,16313.889,1650158,18722.02,131852.1,574596.44,,
Democratic Republic of Congo,COD,2000,69921.98,13270.28,3302062,44130.676,181078.5,539487,,
Democratic Republic of Congo,COD,2001,69603.24,13358.762,3241168.2,45711.977,185695.03,561778.3,,
Democratic Republic of Congo,COD,2002,72403.7,14138.052,3164707.5,47363.44,190446.7,584387.9,,
Democratic Republic of Congo,COD,2003,76198.75,15313.811,3082943.5,49124.113,196314.06,610110.1,,
Democratic Republic of Congo,COD,2004,79565.336,16140.561,2989779.5,50907.273,202453.95,636325.5,,
Democratic Republic of Congo,COD,2005,84782.81,17560.926,2889042.8,52821.332,208786.48,663071.7,,
Democratic Republic of Congo,COD,2006,88915.164,18407.543,2991950.8,54692.258,215321.94,686476.8,,
Democratic Republic of Congo,COD,2007,91909.99,19131.219,3094474,56558.54,221886.39,709792.7,,
Democratic Republic of Congo,COD,2008,94447.49,21272.81,3199189.8,58597.902,228688.97,733387.56,,
Democratic Republic of Congo,COD,2009,96752.63,21398.555,3303677.5,60462.336,235631.5,756891.3,,
Democratic Republic of Congo,COD,2010,100327.28,22018.154,3325271.5,60708.69,240430.84,776955.5,,
Democratic Republic of Congo,COD,2011,108514.03,25036.176,3491648.8,63852.156,249497.33,812316.6,,
Democratic Republic of Congo,COD,2012,92948.43,20295.379,4025368.8,48540.29,282815.66,1316376.1,,
Democratic Republic of Congo,COD,2013,109209.25,25308.416,4436278,55775.45,298512.12,1373913,,
Democratic Republic of Congo,COD,2014,128339.72,30545.451,4913834,64256.89,315461.72,1429444.6,,
Democratic Republic of Congo,COD,2015,109534.484,23465.408,5043876,65059.113,325497.28,1469878.8,,
Democratic Republic of Congo,COD,2016,102350.35,21352.121,5203324.5,66620.91,335483.16,1516697.6,,
Democratic Republic of Congo,COD,2017,85378.914,21415.158,5499320.5,73376.99,339535.3,1470447.9,,
Democratic Republic of Congo,COD,2018,79384.96,19331.145,4874592,63446.984,324896.28,1346159.2,,
Democratic Republic of Congo,COD,2019,80179.66,19254.209,4978133.5,64344.824,333529.78,1380208.8,,
Democratic Republic of Congo,COD,2020,81376.73,19434.72,5082999.5,65281.188,342361.6,1414804.8,,
Democratic Republic of Congo,COD,2021,81753.55,19543.615,5186780.5,66138.48,351395.03,1449425.5,,
Democratic Republic of Congo,COD,2022,82418.01,19690.742,5252405.5,66101.92,359392.8,1478536.8,,
Djibouti,DJI,2000,14383.117,3591.726,34834.336,1079.888,4334.625,8388.144,,
Djibouti,DJI,2001,13995.278,3394.37,35137.703,1067.8838,4382.1274,8642.572,,
Djibouti,DJI,2002,12617.418,3400.94,35771.51,1104.286,4419.9194,8932.183,,
Djibouti,DJI,2003,12609.376,3664.6746,36735.6,1100.5912,4459.108,9310.473,,
Djibouti,DJI,2004,13071.043,3629.2783,37113.043,1118.4547,4513.3994,9587.4375,,
Djibouti,DJI,2005,11851.139,3659.5984,37552.082,1161.2772,4579.1597,9950.514,,
Djibouti,DJI,2006,10968.768,3338.4065,37789.375,1166.4792,4583.9253,10024.183,,
Djibouti,DJI,2007,10201.186,3646.8477,38455.098,1203.6832,4637.611,10223.948,,
Djibouti,DJI,2008,11160.353,3485.744,40022.445,1219.1327,4684.141,10602.425,,
Djibouti,DJI,2009,10018.925,3251.7173,40127.227,1193.382,4728.704,10647.406,,
Djibouti,DJI,2010,10084.181,3295.72,41515.453,1192.0887,4774.631,11005.61,,
Djibouti,DJI,2011,9080.8,2929.7085,40966.17,1094.5795,4806.569,10924.044,,
Djibouti,DJI,2012,10509.245,2658.7017,44102.316,1091.8843,4883.7915,11652.775,,
Djibouti,DJI,2013,10594.645,2479.215,44304.434,1060.9668,4915.6045,11917.201,,
Djibouti,DJI,2014,10853.407,2801.683,44941.707,1030.9681,4955.365,12073.225,,
Djibouti,DJI,2015,12059.008,2948.7537,45504.1,1022.63464,4970.285,12299.6,,
Djibouti,DJI,2016,12955.947,3058.2278,46015.26,1009.8019,4968.5933,12487.709,,
Djibouti,DJI,2017,13866.337,3445.5984,47335.01,1009.99115,5008.969,12904.808,,
Djibouti,DJI,2018,13907.055,3668.1301,47010.21,1001.2909,5029.912,12926.104,,
Djibouti,DJI,2019,14610.838,3987.3923,48727.79,1015.6744,5083.985,13302.766,,
Djibouti,DJI,2020,14636.027,3537.7954,48808.066,1032.7771,5136.3354,13331.255,,
Djibouti,DJI,2021,14782.254,3559.484,48806.23,1034.6821,5188.0083,13347.157,,
Djibouti,DJI,2022,16260.16,4317.188,49527.234,1039.9875,5257.7896,13477.891,,
Egypt,EGY,2000,835140.75,641709.1,1856219.1,38520.875,413467.47,999040.4,,
Egypt,EGY,2001,775572.7,574006.75,1883079.8,38829.06,442666.62,1002967.56,,
Egypt,EGY,2002,769130.25,566986.56,1940178.9,39807.863,443472.22,960820.4,,
Egypt,EGY,2003,830628.3,605765.75,1994368.4,39353.863,475754.03,988442,,
Egypt,EGY,2004,765094.44,684571.75,2127722.2,41726.05,495207.47,1072675.1,,
Egypt,EGY,2005,752738.44,649481.3,2291689,42354.63,482620.2,1157154.6,,
Egypt,EGY,2006,759846,645034.06,2236569.8,44553.965,486877.5,1088871.8,,
Egypt,EGY,2007,793662.06,645033.3,2284336.5,47271.957,469215.94,1101479.8,,
Egypt,EGY,2008,756929.7,692787.75,2523431.5,48102.887,477461.5,1204068.6,,
Egypt,EGY,2009,768605,723478,2586839.8,50631.27,476383.66,1212981,,
Egypt,EGY,2010,801504.5,724272.6,2558955.8,52987.25,492752.22,1194257,,
Egypt,EGY,2011,791685.06,671154.25,2712469.5,54475.09,507925.75,1242421.4,,
Egypt,EGY,2012,834834.7,741306.6,2828271.2,62628.37,501438.66,1270242.5,,
Egypt,EGY,2013,838884.2,805018.06,2738213.8,62202.64,513466.2,1227326.5,,
Egypt,EGY,2014,877071.94,877080.75,2768855,65326.742,524715.8,1229232,,
Egypt,EGY,2015,883862.9,811646.75,2874726.8,65762.984,545670.6,1258620.5,,
Egypt,EGY,2016,878770.4,731763.9,2951178.2,68203.23,568619.3,1280257,,
Egypt,EGY,2017,881021.5,625116.6,3073630.5,65388.6,568613.9,1278388.8,,
Egypt,EGY,2018,875276.6,488405.12,3240306.8,65164.67,555115.7,1316584.4,,
Egypt,EGY,2019,795803.7,385425.7,3142634,61390.883,564044.3,1263528.6,,
Egypt,EGY,2020,772687.3,256409.61,4195928.5,60787.254,573283.94,1642360.9,,
Egypt,EGY,2021,847555.94,477256.06,4583656,65502.96,582889.6,1528683.6,,
Egypt,EGY,2022,880079.44,563150.4,4499989.5,65830.39,592246.44,1513055.6,,
Equatorial Guinea,GNQ,2000,4177.5127,1841.758,38392.9,817.39795,1946.9332,37176.74,,
Equatorial Guinea,GNQ,2001,5910.2607,932.1504,40049.06,725.4789,1988.3767,55262.836,,
Equatorial Guinea,GNQ,2002,8122.3726,3738.6758,39074.676,1065.464,2035.9207,61874.023,,
Equatorial Guinea,GNQ,2003,13977.805,8652.758,54253.51,6199.696,2085.6785,66361.43,,
Equatorial Guinea,GNQ,2004,20874.172,5986.315,89831.3,14132.689,2162.486,130513.46,,
Equatorial Guinea,GNQ,2005,18309.31,3453.8972,65486.617,8116.089,2183.409,90421.59,,
Equatorial Guinea,GNQ,2006,20378.758,3467.181,68002.414,8554.172,2228.99,95876.69,,
Equatorial Guinea,GNQ,2007,14402.54,3585.1675,61210.11,7082.752,2269.9336,90054.86,,
Equatorial Guinea,GNQ,2008,19241.54,3431.4832,58854.727,6119.756,2314.8257,89632.33,,
Equatorial Guinea,GNQ,2009,19573.13,3444.3384,59803.45,6198.6772,2360.9775,82916.945,,
Equatorial Guinea,GNQ,2010,19146.258,3384.3462,59062.492,6008.1963,2405.9368,78031.81,,
Equatorial Guinea,GNQ,2011,18806.596,2730.8904,57265.99,5318.5225,2444.6511,76159.75,,
Equatorial Guinea,GNQ,2012,16858.443,2489.7324,49578.836,3384.8972,2498.6208,80647.664,,
Equatorial Guinea,GNQ,2013,15214.66,2329.3376,48042.83,3124.6416,2541.3413,80004.695,,
Equatorial Guinea,GNQ,2014,14951.632,2632.692,48813.75,3414.0137,2573.6948,74424.51,,
Equatorial Guinea,GNQ,2015,16422.783,2884.9087,53205.28,4388.1924,2605.926,92345.07,,
Equatorial Guinea,GNQ,2016,15634.096,2955.8564,52274.98,4165.5205,2630.2253,87177.85,,
Equatorial Guinea,GNQ,2017,17550.1,3330.692,51611.41,3893.1685,2669.9343,80707.93,,
Equatorial Guinea,GNQ,2018,18999.867,3614.277,52921.125,4332.6377,2705.1897,91107.984,,
Equatorial Guinea,GNQ,2019,20219.18,3817.502,55758.44,4635.5283,2764.9897,98172.414,,
Equatorial Guinea,GNQ,2020,20923.46,3712.9114,57326.54,4953.092,2825.0789,105230.3,,
Equatorial Guinea,GNQ,2021,20898.836,3727.3914,58393.74,5167.086,2884.5015,110198.08,,
Equatorial Guinea,GNQ,2022,23409.768,4506.8857,59597.82,5320.528,2955.9863,113964.9,,
Eritrea,ERI,2000,10817.34,4016.3508,136503.33,1868.9519,23794.37,36724.82,,
Eritrea,ERI,2001,12333.15,4952.032,144497.98,1966.5873,23890.281,39359.965,,
Eritrea,ERI,2002,11298.624,4705.226,148761.44,1997.4213,24232.355,41150.41,,
Eritrea,ERI,2003,11546.766,5067.0195,153305.27,2044.69,25243.96,43137.473,,
Eritrea,ERI,2004,11431.872,5512.5166,130387.04,1584.3425,25308.756,42230.54,,
Eritrea,ERI,2005,10934.593,4621.5254,134155.8,1579.3015,25984.111,44303.773,,
Eritrea,ERI,2006,10365.841,4137.4985,137749.02,1556.5067,25133.51,45480.484,,
Eritrea,ERI,2007,10737.678,4182.1626,141662.47,1572.6304,26979.232,46724.098,,
Eritrea,ERI,2008,9818.724,3811.6975,145179.1,1565.5203,27335.982,47977.805,,
Eritrea,ERI,2009,10277.617,4139.4795,149002.89,1608.623,27695.76,49150.566,,
Eritrea,ERI,2010,10649.266,4302.3184,153963.12,1660.5226,26936.56,50993.26,,
Eritrea,ERI,2011,11974.811,4388.056,157589.47,1847.737,28573.691,52866.477,,
Eritrea,ERI,2012,12180.503,4365.46,161107.34,1811.265,28971.188,54737.42,,
Eritrea,ERI,2013,12433.309,3969.3313,163974.9,1809.4072,29388.316,56188.734,,
Eritrea,ERI,2014,13138.658,4030.7178,166823.27,1848.1797,29747.865,57415.707,,
Eritrea,ERI,2015,12179.566,3460.9678,169694.17,1854.1965,30105.87,58491.1,,
Eritrea,ERI,2016,12224.756,3698.7947,173372.33,1910.7137,30622.135,59687.32,,
Eritrea,ERI,2017,12367.204,4011.267,182766.78,2003.6573,31132.205,62482.027,,
Eritrea,ERI,2018,14451.94,5212.469,186838.3,2056.5457,31548.096,64023.88,,
Eritrea,ERI,2019,14562.659,5435.5615,190259.64,2086.7896,32286.346,65390.656,,
Eritrea,ERI,2020,14251.948,4792.3374,193738.83,2099.901,33031.047,66740.61,,
Eritrea,ERI,2021,14541.495,5084.229,197449.6,2132.7883,33778.06,68127.61,,
Eritrea,ERI,2022,17145.137,6502.136,200698.86,2137.509,34501.836,69413.8,,
Eswatini,SWZ,2000,12191.186,5855.599,68587.734,2255.8867,8475.982,17447.217,,
Eswatini,SWZ,2001,12766.186,6623.4272,71371.66,2238.0017,8008.973,18255.719,,
Eswatini,SWZ,2002,13080.836,6128.3125,71292.56,2107.5813,8192.0205,18626.453,,
Eswatini,SWZ,2003,12322.095,5463.9756,70104.22,2115.415,8741.689,18580.033,,
Eswatini,SWZ,2004,11743.471,5312.4863,71117.35,2065.5063,8853.512,19041.518,,
Eswatini,SWZ,2005,13495.954,5095.845,71994.52,2051.0884,9011.913,19663.496,,
Eswatini,SWZ,2006,14474.815,4769.9097,73346.305,2086.964,8798.486,19927.047,,
Eswatini,SWZ,2007,15916.603,4933.5874,75247.09,2080.5076,8925.785,20500.86,,
Eswatini,SWZ,2008,16022.9795,4903.736,76485.02,2037.376,8912.092,20773.697,,
Eswatini,SWZ,2009,15346.742,4639.8384,77255.29,2311.9697,8984.825,20890.582,,
Eswatini,SWZ,2010,14301.095,2863.0498,62233.16,2059.5417,8944.495,18968.094,,
Eswatini,SWZ,2011,10021.909,2947.565,56021.12,2116.8413,8904.538,18210.988,,
Eswatini,SWZ,2012,9260.431,3268.1343,54677.977,2117.0469,8990.697,17918.02,,
Eswatini,SWZ,2013,11240.626,8425.328,53346.746,2295.578,9004.178,17624.652,,
Eswatini,SWZ,2014,9951.396,4946.669,52959.082,2259.0881,9013.046,17778.914,,
Eswatini,SWZ,2015,9819.163,4068.8647,55862.33,2287.0142,9115.611,18972.863,,
Eswatini,SWZ,2016,9370.888,4676.2505,56960.793,2244.6506,9205.014,20247.73,,
Eswatini,SWZ,2017,9936.89,4168.7427,52421.34,1992.8331,9140.555,20130.87,,
Eswatini,SWZ,2018,10010.191,4394.8467,53522.656,1995.0833,9232.778,20777.523,,
Eswatini,SWZ,2019,10489.972,4672.7354,54242.75,2061.504,9337.302,21012.121,,
Eswatini,SWZ,2020,10067.278,4642.2373,53803.285,2030.1223,9432.234,20939.621,,
Eswatini,SWZ,2021,10663.588,4857.4087,55018.816,2097.846,9539.703,21315.238,,
Eswatini,SWZ,2022,10763.91,5182.3486,55288.785,2091.446,9632.539,21440.31,,
Ethiopia,ETH,2000,105427.55,25120.426,5204879,64455.863,461627.1,1084938.6,,
Ethiopia,ETH,2001,114832.56,28287.15,5362541,65801.18,492713.94,1128908.6,,
Ethiopia,ETH,2002,119526.05,29268.371,5520967,66819.39,516573.66,1172716,,
Ethiopia,ETH,2003,120153.21,28663.691,5683033.5,67937.11,505467,1214348.5,,
Ethiopia,ETH,2004,126956.76,31709.389,5847090.5,69239.164,531639,1257656.2,,
Ethiopia,ETH,2005,130172.5,32368.773,6011756.5,69995.76,550384.5,1301905.5,,
Ethiopia,ETH,2006,136503.38,33856.46,6179296,70347.82,578317.6,1339003.6,,
Ethiopia,ETH,2007,147820.02,34108.145,6348931.5,71858.23,611381.44,1367157.8,,
Ethiopia,ETH,2008,162823.3,37904.62,6530745,73121.414,636445.4,1406128.1,,
Ethiopia,ETH,2009,169216.64,38477.46,6614348,74207.92,661871.06,1420262.1,,
Ethiopia,ETH,2010,160821.39,38869.72,6790751,74933.55,690081.94,1461965.4,,
Ethiopia,ETH,2011,168795.66,43341.88,6986659,76034.58,698503.3,1500999,,
Ethiopia,ETH,2012,177158.25,44611.734,7186219,77334.27,728134.2,1547383.8,,
Ethiopia,ETH,2013,185783.75,50159.797,7376790,78988.44,742832.56,1589407.9,,
Ethiopia,ETH,2014,199751.89,45861.54,7578201.5,80228.445,781552.06,1634248,,
Ethiopia,ETH,2015,202912.42,43109.367,7604212.5,81422.97,802921.25,1642599.4,,
Ethiopia,ETH,2016,221112.62,48386.305,7641546.5,83325.914,815254.9,1656082.4,,
Ethiopia,ETH,2017,224097.34,47431.457,7662944,83472.85,846960.56,1669249.4,,
Ethiopia,ETH,2018,235647.81,52403.883,7684967,84409.47,852845.4,1683508.9,,
Ethiopia,ETH,2019,248561.11,56443.33,7709482.5,85399.4,868466.8,1697877.1,,
Ethiopia,ETH,2020,229572.05,49420.023,7714764,83790.29,884039.1,1708166.6,,
Ethiopia,ETH,2021,235250.48,50654.344,7735547.5,84073.445,899895.3,1721414,,
Ethiopia,ETH,2022,242659.48,53955.92,7754777.5,84154.22,915904.06,1734593.9,,
Gabon,GAB,2000,35627.742,12592.298,181918.67,7829.7026,9521.016,101932.22,,
Gabon,GAB,2001,34551.15,12062.142,186685.72,7894.9893,9693.771,100214.47,,
Gabon,GAB,2002,36802.75,11458.266,219653.4,8568.023,11171.978,104177.336,,
Gabon,GAB,2003,39845.766,12282.932,251728.23,9268.123,12696.389,115733.11,,
Gabon,GAB,2004,43249.63,12865.631,281352.8,9619.361,14221.176,121540.07,,
Gabon,GAB,2005,47557.594,13688.798,310199.34,9952.726,15759.35,126584.52,,
Gabon,GAB,2006,48549.113,12895.432,338653.4,9865.49,17286.947,127607.53,,
Gabon,GAB,2007,53351.766,13161.083,369883.66,10221.54,18839.66,135598.11,,
Gabon,GAB,2008,54635.57,12984.605,401014.22,10687.536,20395.922,142280.62,,
Gabon,GAB,2009,55756.844,12902.02,433059.47,11380.704,21934.24,149685.83,,
Gabon,GAB,2010,62874.36,15324.9,468866.22,12395.569,23498.916,161866.56,,
Gabon,GAB,2011,53149.047,14913.838,382375.53,11191.113,19014.975,135717.38,,
Gabon,GAB,2012,48680.125,14745.627,346288.47,11580.563,16977.77,122762.1,,
Gabon,GAB,2013,62757.984,16083.809,484109.88,14130.413,23800.541,155699.58,,
Gabon,GAB,2014,59665.06,13340.081,468143.66,14133.484,22820.418,150578.52,,
Gabon,GAB,2015,60796.414,13510.916,477752.1,14526.258,23219.65,153797.73,,
Gabon,GAB,2016,60885.848,13712.051,476093.22,14315.304,23280.486,153186.47,,
Gabon,GAB,2017,49608.867,8653.471,466843.12,13038.281,23297.492,145485.97,,
Gabon,GAB,2018,47913.31,8274.376,462845.12,12510.851,23338.61,143698.8,,
Gabon,GAB,2019,50212.93,9010.684,462796.22,12825.005,23440.227,143720.81,,
Gabon,GAB,2020,49663.035,5838.502,460457.62,12848.3,23537.996,143467.34,,
Gabon,GAB,2021,48764.44,5934.096,457151.6,12340.796,23633.393,143394.42,,
Gabon,GAB,2022,51340.74,6814.6143,458699.8,12530.42,23808.082,143645.66,,
Gambia,GMB,2000,3412.167,1474.219,49608.26,1551.565,5716.218,11792.046,,
Gambia,GMB,2001,3656.2761,1602.2917,50555.16,1581.8582,5735.551,12300.596,,
Gambia,GMB,2002,3731.3748,1642.4891,51310.02,1622.0508,5907.6826,12802.942,,
Gambia,GMB,2003,3750.059,1628.6138,52052.52,1642.4958,6368.5913,13314.129,,
Gambia,GMB,2004,3938.2664,1767.8138,53057.562,1692.3463,6565.513,13868.0625,,
Gambia,GMB,2005,3986.644,1876.1566,54413.434,1770.337,6741.7095,14604.454,,
Gambia,GMB,2006,4309.2627,1860.4077,55788.535,1818.5096,6904.9443,15020.647,,
Gambia,GMB,2007,4382.55,2139.4128,57002.11,1899.8204,7163.844,15463.2295,,
Gambia,GMB,2008,4621.5815,2072.7144,58285.906,1941.5664,7363.1104,15891.375,,
Gambia,GMB,2009,4984.133,2241.2903,60013.395,1992.5288,7578.8916,16414.852,,
Gambia,GMB,2010,5279.6807,2429.8281,61340.02,1984.2,7702.4624,16895.793,,
Gambia,GMB,2011,5803.333,1925.5348,63089.188,1883.8357,7552.4097,17398.01,,
Gambia,GMB,2012,5587.221,1891.4337,64827.43,1869.2919,7521.017,18013.305,,
Gambia,GMB,2013,5526.628,1788.9047,65217.863,1824.0779,7808.095,18442.393,,
Gambia,GMB,2014,5957.8633,1979.09,66437.99,1785.9365,8184.286,18853.395,,
Gambia,GMB,2015,6665.5723,2149.7979,66520.25,1763.8765,8409.735,19154.611,,
Gambia,GMB,2016,7174.562,2203.0122,66619.586,1741.1411,8317.718,19391.72,,
Gambia,GMB,2017,7642.083,2499.3145,67703.01,1726.4349,8507.366,19931.148,,
Gambia,GMB,2018,7844.615,2709.3389,67295.87,1704.9131,8644.308,20138.736,,
Gambia,GMB,2019,8261.727,2801.6997,69129.05,1730.3784,8885.226,20739.375,,
Gambia,GMB,2020,8379.803,2859.7659,70116.75,1761.8049,9133.524,21162.852,,
Gambia,GMB,2021,8407.916,2855.8198,71133.04,1780.5166,9387.333,21593.396,,
Gambia,GMB,2022,9139.489,3438.2134,72131.125,1782.9923,9648.27,22022.5,,
Ghana,GHA,2000,61096.32,28380.361,1125479.2,12130.156,77359.24,235194.8,,
Ghana,GHA,2001,62804.164,34153.477,1053493.6,11358.862,77830.38,239356.61,,
Ghana,GHA,2002,72931.33,49717.33,981732.3,11025.62,78724.76,246227.38,,
Ghana,GHA,2003,66990.875,41804.71,899622.75,10499.971,79822.28,250614.11,,
Ghana,GHA,2004,61461.75,24113.26,855983.06,10268.595,80951.94,260965.9,,
Ghana,GHA,2005,65853.91,33081.473,807964.75,9942.59,81814.375,267700.56,,
Ghana,GHA,2006,77559.46,55389.824,796680,9753.526,84970.99,270569.66,,
Ghana,GHA,2007,80796.35,58354.883,798590,9549.424,86858.49,276581.47,,
Ghana,GHA,2008,76798.125,44235.22,712031.9,10080.309,85937.88,259080.5,,
Ghana,GHA,2009,91371.93,44097.57,736814.9,10556.197,88319.37,269447.44,,
Ghana,GHA,2010,98628.43,51543.387,736849.3,10455.129,90423.62,275941.28,,
Ghana,GHA,2011,97566.914,35289.44,789233.94,11132.495,94330.51,306331.94,,
Ghana,GHA,2012,119456.03,58575.75,820774.56,11763.557,97559.02,320052.66,,
Ghana,GHA,2013,124673.34,71076.02,857163.8,12016.3545,101874.27,340929.03,,
Ghana,GHA,2014,115856.36,53843.84,909960.5,12230.154,106143.984,356966.75,,
Ghana,GHA,2015,112531.52,36636.46,913493.5,12705.98,108768.26,359512.1,,
Ghana,GHA,2016,122857.04,69191.695,901951.5,12413.658,111099.57,354880.28,,
Ghana,GHA,2017,117474.21,57703.46,939203.9,12765.618,114174.82,385842.53,,
Ghana,GHA,2018,120841.25,58737.008,968328.44,12998.581,113612.56,395196.72,,
Ghana,GHA,2019,122273.18,51807.383,990579.44,13367.867,116224.02,403300.38,,
Ghana,GHA,2020,118738.26,33276.64,1005131.1,13388.093,118303.375,410424.22,,
Ghana,GHA,2021,129745.85,35783.273,1074800.4,14817.553,122234.125,426239,,
Ghana,GHA,2022,132088.42,39803.734,1087493.5,14866.178,124540.27,431781.5,,
Guinea,GIN,2000,27824.762,7112.7974,752825.4,9629.366,51214.504,155018.27,,
Guinea,GIN,2001,28809.791,7531.0557,753977.1,9672.176,52494.836,158763.7,,
Guinea,GIN,2002,29753.062,7174.9014,756459.7,9711.682,53817.36,162808.88,,
Guinea,GIN,2003,30416.988,7212.912,757751.4,9757.218,55223.535,166368.67,,
Guinea,GIN,2004,31501.361,7598.092,760956.94,9900.981,56771.66,169833.45,,
Guinea,GIN,2005,32402.05,8131.5386,765458.44,10246.745,58523.004,175241.05,,
Guinea,GIN,2006,33776.49,8236.981,773180.44,10393.8955,60117.176,177832.03,,
Guinea,GIN,2007,34180.363,8540.341,783854.94,10617.676,61851.777,181299,,
Guinea,GIN,2008,35920.355,11918.033,792168,11223.731,63586.168,184220,,
Guinea,GIN,2009,37609.08,12641.552,804687.8,11446.656,65480.1,188028.98,,
Guinea,GIN,2010,41056.332,14507.25,815481.1,11439.918,68398.15,193164.8,,
Guinea,GIN,2011,42449.547,12565.222,823247.56,11025.116,70512.65,195984.75,,
Guinea,GIN,2012,41063.113,12296.393,841869.6,10902.947,73120.34,201529.39,,
Guinea,GIN,2013,38323.32,11625.978,837469.94,10600.786,75248.2,204524.88,,
Guinea,GIN,2014,39491.527,12808.941,832809.75,10334.635,77002.6,205406.08,,
Guinea,GIN,2015,42972.207,13869.245,816309.8,10181.671,79211.14,205374.83,,
Guinea,GIN,2016,45525.8,14217.395,802065.3,10022.939,81133.945,205074.12,,
Guinea,GIN,2017,48149.035,16083.142,793679.94,9919.319,82682.94,205795.61,,
Guinea,GIN,2018,49103.844,17391.682,776370.5,9775.782,84377.805,204520.42,,
Guinea,GIN,2019,51241.32,18034.93,784301.44,9891.356,86112.55,207986.9,,
Guinea,GIN,2020,51893.703,18280.113,789983.7,10039.382,87936.18,210866.03,,
Guinea,GIN,2021,52156.19,18258.072,796511.2,10106.471,89788.984,213882.95,,
Guinea,GIN,2022,56241.582,21902.172,802028.5,10122.205,91751.62,216799.7,,
Guinea-Bissau,GNB,2000,4736.6274,1037.6141,142951.39,1409.9241,11923.758,28483.928,,
Guinea-Bissau,GNB,2001,4829.8833,1101.6316,145168.12,1421.5992,12108.843,29412.479,,
Guinea-Bissau,GNB,2002,4918.3853,1069.0319,147653.64,1433.8896,12262.825,30403.436,,
Guinea-Bissau,GNB,2003,5237.9263,1251.7715,149517.4,1463.3181,12525.317,31336.613,,
Guinea-Bissau,GNB,2004,5438.4824,1348.0208,151484.89,1491.9932,12692.526,32207.973,,
Guinea-Bissau,GNB,2005,5500.199,1472.4401,153562.58,1549.3099,11811.863,33308.273,,
Guinea-Bissau,GNB,2006,5685.3286,1413.2137,156404.58,1571.2462,12315.66,34051.414,,
Guinea-Bissau,GNB,2007,5777.5215,1496.9342,160047.44,1605.6106,12907.835,35043.465,,
Guinea-Bissau,GNB,2008,5910.4243,1416.1287,162999.31,1618.4938,13525.869,35885.47,,
Guinea-Bissau,GNB,2009,6068.1777,1458.9973,166827.78,1639.3607,14185.737,36868.734,,
Guinea-Bissau,GNB,2010,6084.1553,1456.3853,169876.4,1602.577,14878.109,37789.746,,
Guinea-Bissau,GNB,2011,6534.521,1346.0582,172743.9,1540.7572,15613.862,38551.695,,
Guinea-Bissau,GNB,2012,6581.372,1294.9117,178660.86,1511.65,15887.027,39998.47,,
Guinea-Bissau,GNB,2013,6645.9907,1222.1277,180053.48,1462.5564,16111.386,41029.527,,
Guinea-Bissau,GNB,2014,6792.747,1340.9962,180315.94,1420.6783,16261.741,41387.723,,
Guinea-Bissau,GNB,2015,7277.407,1430.2468,175815.94,1388.7817,16272.068,41184.98,,
Guinea-Bissau,GNB,2016,7603.3716,1461.5278,171902.22,1359.0364,16326.402,40899.562,,
Guinea-Bissau,GNB,2017,7961.6685,1635.1697,169060.12,1333.8033,16454.305,40966.41,,
Guinea-Bissau,GNB,2018,8041.4326,1751.516,164762.53,1304.7247,16509.969,40760.18,,
Guinea-Bissau,GNB,2019,8351.053,1825.4777,165622.11,1312.4421,16786.746,41253.85,,
Guinea-Bissau,GNB,2020,8433.295,1802.7255,166251.92,1324.5007,17078.953,41666.86,,
Guinea-Bissau,GNB,2021,8472.117,1802.4734,167091.58,1329.2859,17375.61,42111.457,,
Guinea-Bissau,GNB,2022,9085.632,2154.947,167967.78,1330.3689,17691.455,42568.277,,
Kenya,KEN,2000,108507.75,53473.887,2414042.8,23631.588,232012,643633.9,,
Kenya,KEN,2001,105220.84,52626.902,2477271.2,23754.389,235407.88,678738.25,,
Kenya,KEN,2002,97204.21,46146.08,2545539,24186.86,239639.05,715757.06,,
Kenya,KEN,2003,92523.18,41680.52,2609351.8,24389.404,252574.64,758844.9,,
Kenya,KEN,2004,106276.99,46379.15,2686627.5,25394.898,266637.75,804889.44,,
Kenya,KEN,2005,111328.98,52476.17,2761746,26266.398,264075.2,850547.7,,
Kenya,KEN,2006,119512.72,60669.17,2844416.8,27336.656,268857.3,870912.56,,
Kenya,KEN,2007,127672.71,59039.016,2921652.8,27996.568,325218.12,901717.75,,
Kenya,KEN,2008,136408,65293.434,3005742.5,28706.195,330520.66,932483.44,,
Kenya,KEN,2009,152878,72275.46,3101557.2,30467.307,328134.72,968166.75,,
Kenya,KEN,2010,151114.02,71329.164,3200674.5,31430.264,338633.53,1000404.5,,
Kenya,KEN,2011,158949.28,76627.586,3287028.2,31681.404,341698.5,1021590.25,,
Kenya,KEN,2012,151094.86,59507.59,3372014.2,32065.377,348965.22,1046408.94,,
Kenya,KEN,2013,165703.03,61087.965,3475936.8,33217.184,361840.78,1077942.1,,
Kenya,KEN,2014,164709.75,69058.3,3588757.5,34268.746,364875.4,1109109,,
Kenya,KEN,2015,174726.33,39061.98,3688921.2,35586.594,368381.6,1138557.5,,
Kenya,KEN,2016,188424.16,44012.098,3779142.2,36648.406,390205.94,1165382.8,,
Kenya,KEN,2017,188685.42,52192.773,3853898.2,37113.418,387154.97,1187910.9,,
Kenya,KEN,2018,189397.39,42311.617,3933657.8,37940.574,393949.53,1212180.4,,
Kenya,KEN,2019,194143.73,39404.086,4005279.8,38963.945,403127.06,1236951.8,,
Kenya,KEN,2020,184347.28,31373.111,4073157,38726.5,412289.44,1260300.6,,
Kenya,KEN,2021,199479.69,40487.496,4166445.2,39602.99,421892.56,1290919.6,,
Kenya,KEN,2022,208068.83,48012.938,4222384.5,39693.22,430781.2,1314124.5,,
Lesotho,LSO,2000,4132.6924,379.54,171806.05,2178.2622,14956.325,36857.01,,
Lesotho,LSO,2001,4204.2183,376.60965,172125.73,2158.7908,14965.973,37565.086,,
Lesotho,LSO,2002,4209.088,375.53268,172550.08,2145.8247,14371.432,38296.42,,
Lesotho,LSO,2003,4202.81,375.95898,172759.72,2141.1313,14252.43,38943.844,,
Lesotho,LSO,2004,4311.8774,376.39417,173981.47,2135.4226,14443.3955,39715.22,,
Lesotho,LSO,2005,4487.8486,11524.638,176030.61,2241.9531,15321.683,41026.133,,
Lesotho,LSO,2006,4562.9897,11694.905,178063.62,2233.8367,15669.508,41594.07,,
Lesotho,LSO,2007,6012.5835,11809.37,185782.8,2235.4177,15896.539,43395.125,,
Lesotho,LSO,2008,6997.869,14270.117,186449.12,2568.837,15020.466,43631.71,,
Lesotho,LSO,2009,7605.334,14612.537,189901.94,2570.5415,15095.107,44543.38,,
Lesotho,LSO,2010,7780.8022,15378.463,188786.89,2550.997,14929.02,44379.9,,
Lesotho,LSO,2011,8361.984,11744.23,188078.48,2378.5867,14971.94,44224.652,,
Lesotho,LSO,2012,8623.548,11598.243,189515.52,2324.1487,15116.61,44640.32,,
Lesotho,LSO,2013,8515.045,8908.719,186621.25,2224.4648,14585.522,44481.785,,
Lesotho,LSO,2014,8643.953,9642.102,183354.05,2136.3438,14495.357,44060.2,,
Lesotho,LSO,2015,9357.456,9003.962,177287.45,2086.7502,14385.625,43297.812,,
Lesotho,LSO,2016,9975.836,8912.721,173010.92,2029.3124,14056.935,42637.355,,
Lesotho,LSO,2017,10618.248,10214.211,170289.45,1995.2496,14214.034,42580.45,,
Lesotho,LSO,2018,10643.686,10009.171,164805.19,1956.7502,13989.037,41931.7,,
Lesotho,LSO,2019,11118.663,10207.195,164740.02,1965.7938,14054.516,42054.87,,
Lesotho,LSO,2020,11205.039,9676.846,163372.55,1971.4758,14125.642,41976.203,,
Lesotho,LSO,2021,11485.584,13571.986,163341.8,1966.272,14244.951,42187.016,,
Lesotho,LSO,2022,12414.488,16281.822,164414.7,1975.7598,14389.1045,42493.62,,
Liberia,LBR,2000,8934.612,2561.1965,312794.66,2935.4604,16343.832,62975.05,,
Liberia,LBR,2001,9400.014,3021.7085,326249.22,3035.8972,17004.951,66769.53,,
Liberia,LBR,2002,9610.086,2913.4158,338972.34,3068.6365,17602.297,70629.74,,
Liberia,LBR,2003,10066.442,3100.707,351513.9,3093.8225,18206.1,74468.65,,
Liberia,LBR,2004,10774.414,3490.6704,365427.88,3168.6167,18844.06,78429.875,,
Liberia,LBR,2005,11815.353,4179.6353,381515.1,3352.5881,19634.887,83812.98,,
Liberia,LBR,2006,12338.507,4307.041,407323,3445.2837,20903.78,90117.46,,
Liberia,LBR,2007,11938.718,3970.0132,414351.97,3512.8533,21631.002,91622.61,,
Liberia,LBR,2008,11745.8545,3433.2046,430906.78,3564.4507,22718.22,95684.14,,
Liberia,LBR,2009,11627.812,3310.165,449942.88,3637.8274,23861.184,100151.914,,
Liberia,LBR,2010,14193.429,4646.14,470952.1,3746.9202,25072.53,105217,,
Liberia,LBR,2011,14864.148,4320.6626,488375.97,3652.9268,26025.56,109299.336,,
Liberia,LBR,2012,15840.398,4203.2295,515674.7,3611.9333,27088.807,115513.99,,
Liberia,LBR,2013,15126.91,3969.7795,528406.7,3504.7551,27755.71,120110.55,,
Liberia,LBR,2014,17300.727,4370.633,541743.44,3407.4824,28314.102,123619.11,,
Liberia,LBR,2015,18540.396,4712.4165,530101.3,3350.551,28210.613,123744.47,,
Liberia,LBR,2016,19412.195,4829.2646,520412.84,3294.1902,28692.062,123935.875,,
Liberia,LBR,2017,20504.531,5449.6235,515639.28,3257.7585,28874.562,125447.3,,
Liberia,LBR,2018,20772.967,5878.5664,505892.78,3208.8638,28967.254,125881,,
Liberia,LBR,2019,21765.447,6112.4824,510065.38,3244.4854,29391.223,127740.7,,
Liberia,LBR,2020,22098.715,6137.33,513516.97,3290.3203,29860.184,129361.28,,
Liberia,LBR,2021,22177.86,6132.5674,517509.4,3309.057,30338.09,131066.086,,
Liberia,LBR,2022,23683.662,7352.3433,520770.62,3314.166,30865.643,132710.89,,
Libya,LBY,2000,229473.31,199023.08,912379.5,12237.946,28692.055,774056,,
Libya,LBY,2001,228249.5,196495.7,953741.94,12362.407,30198.5,781399.75,,
Libya,LBY,2002,234731.19,196029.6,1023504.56,10505.724,28726.191,752312.4,,
Libya,LBY,2003,243160.81,206285.27,1075003.8,10316.322,28850.36,793536.25,,
Libya,LBY,2004,240987.33,181042.5,1171871.2,10838.469,31003.625,910045.56,,
Libya,LBY,2005,252891.88,204633,1260527.4,16048.564,32742.768,972177.25,,
Libya,LBY,2006,266544.3,191878.95,1150174.4,16870.58,33448.57,905816.25,,
Libya,LBY,2007,252284.33,164467.77,986901.56,15524.884,34853.523,837103.5,,
Libya,LBY,2008,263708.16,172486.52,1182207.2,19190.6,35271.285,900043.75,,
Libya,LBY,2009,285428.8,192645.4,1132950.1,19364.652,36044.176,850997.44,,
Libya,LBY,2010,306612.62,195838.55,1105233.8,22812.344,36406.83,838225.7,,
Libya,LBY,2011,195434.62,114230.49,889238.7,12157.301,36123.668,484132.97,,
Libya,LBY,2012,277943.7,170847.42,1185258.5,27439.203,36413.98,803712.25,,
Libya,LBY,2013,274820.3,142199.88,1218541.6,21373.338,35089.61,709636.4,,
Libya,LBY,2014,272962.34,134213.06,1137471,19699.186,32152.791,558993.75,,
Libya,LBY,2015,234068.3,111786.84,1054815,13714.702,33108.816,508328.2,,
Libya,LBY,2016,232793.95,93050.625,1066191.2,15845.2705,32569.084,514751.03,,
Libya,LBY,2017,243927.36,95745.91,1014612.4,19482.674,35483.184,605866.44,,
Libya,LBY,2018,250502.8,110629.8,958310.4,21357.496,32875.566,562765,,
Libya,LBY,2019,253258.22,100877.21,916174.94,22814.943,33362.816,550651.1,,
Libya,LBY,2020,206076.3,69302.23,867095.75,12577.808,33739.844,554084.3,,
Libya,LBY,2021,235432.83,76740.39,898705.4,23631.977,34262.832,543813.3,,
Libya,LBY,2022,250086.66,95896.484,896496.44,21914.283,34738.414,542004.44,,
Madagascar,MDG,2000,36964.633,9018.5205,757263.4,11136.043,112445.64,180182.12,,
Madagascar,MDG,2001,36261.48,9499.6875,760172.06,11386.035,105913.94,185280.39,,
Madagascar,MDG,2002,31610.96,7091.2935,816244.7,10958.143,105432.76,201472.42,,
Madagascar,MDG,2003,35932.11,8894.91,844452.3,11629.372,108567.555,212373.06,,
Madagascar,MDG,2004,38196.113,9623.033,872182.44,12032.717,111635.695,222960.64,,
Madagascar,MDG,2005,39657.7,9523.661,907421.3,12293.273,124098.266,237891.62,,
Madagascar,MDG,2006,41421.29,9106.544,1034675.75,12583.798,129675.38,264376.78,,
Madagascar,MDG,2007,41982.727,9452.998,1052838.1,12923.796,132100.83,270828.22,,
Madagascar,MDG,2008,43891.48,9783.17,1069576.6,13297.624,134589.61,277090.22,,
Madagascar,MDG,2009,42340.58,9796.987,1084718.8,13186.895,137216.06,282937.34,,
Madagascar,MDG,2010,45026.27,11778.354,1122533.9,13348.955,140224.7,295181.75,,
Madagascar,MDG,2011,49289.105,14334.12,1135559.2,13595.244,142224.2,300119.7,,
Madagascar,MDG,2012,52639.816,19672.787,1156814.5,13833.911,144570.83,306992.4,,
Madagascar,MDG,2013,53351.246,21328.514,1263891.8,14050.801,148839.9,339003.9,,
Madagascar,MDG,2014,52818.97,21051.896,1267007.8,14296.267,152983.52,343907.78,,
Madagascar,MDG,2015,52346.566,21123.043,1284069.2,14698.323,155628.55,350193.6,,
Madagascar,MDG,2016,58307.867,21506.184,1553916.2,18383.592,165223.61,397576.72,,
Madagascar,MDG,2017,62698.074,24863.975,1620170.4,18893.2,168961.03,414188,,
Madagascar,MDG,2018,62994.797,24243.701,1658647.8,19018.814,171669.12,426177.75,,
Madagascar,MDG,2019,68848.73,28688.922,1688440.1,19417.58,176060.44,437645.6,,
Madagascar,MDG,2020,66054.23,25948.096,1710336.9,19169.822,180539.23,445858.56,,
Madagascar,MDG,2021,72826.266,33298.836,1753805,19704.104,185139.42,456983.94,,
Madagascar,MDG,2022,77422.87,39870.047,1769484.5,19644.67,189230.69,463891.6,,
Malawi,MWI,2000,19062.027,8263.604,404512.72,13134.861,43225.016,100327.31,,
Malawi,MWI,2001,18695.453,7835.6,407521,13282.117,43606.15,103550.3,,
Malawi,MWI,2002,19546.014,8374.386,410920.1,13428.391,44368.37,107185.766,,
Malawi,MWI,2003,20472.938,8460.638,415503.53,13645.976,45193.707,110893.32,,
Malawi,MWI,2004,20834.008,9134.793,420442.62,13919.774,46558.816,114445.33,,
Malawi,MWI,2005,21261.14,7177.849,429034.7,14370.296,48564.445,120111.87,,
Malawi,MWI,2006,21643.506,7441.1475,437057.5,14648.307,50160.605,122748.7,,
Malawi,MWI,2007,22815.076,7553.5273,445756.1,14981.671,54114.547,126028.53,,
Malawi,MWI,2008,24781.305,7216.138,455125.75,15392.602,58121.875,129445.52,,
Malawi,MWI,2009,24179.418,6989.946,463721.4,15643.819,61314.23,132505.17,,
Malawi,MWI,2010,25800.59,7770.0303,473235.16,15448.702,66324.23,135894.95,,
Malawi,MWI,2011,23960.848,6905.824,479705.3,14950.222,70369.57,138668.69,,
Malawi,MWI,2012,24218.41,6746.597,493626.06,14648.483,74930.836,143155.12,,
Malawi,MWI,2013,25130.748,7596.2896,498170.03,14199.128,78693.26,146358.12,,
Malawi,MWI,2014,24814.746,7203.201,499474.2,13848.131,80375.695,148394.48,,
Malawi,MWI,2015,25708.809,7248.123,495575.94,13510.695,85455.78,150033.4,,
Malawi,MWI,2016,26067.404,7211.7085,492779.78,13227.88,88474.15,151524.89,,
Malawi,MWI,2017,27938.992,8020.294,499353.62,12943.273,93833.266,155571.75,,
Malawi,MWI,2018,28954.127,8455.793,496351.47,12642.496,103541.43,157744.7,,
Malawi,MWI,2019,30242.096,8647.698,504602,12735.94,106463.7,161520.44,,
Malawi,MWI,2020,30726.38,8705.26,511940.5,12874.374,109462.07,165036.06,,
Malawi,MWI,2021,31568.74,9144.846,521763.12,12995.347,112537.35,168887.53,,
Malawi,MWI,2022,33528.547,10657.118,528084.25,12990.408,115625.78,172336.3,,
Mali,MLI,2000,21498.879,6146.7397,326208.12,13484.287,77256.67,89077.96,,
Mali,MLI,2001,22104.008,6476.247,329291,13671.478,79364.12,91230.59,,
Mali,MLI,2002,23009.75,6323.6577,333372.44,13900.765,85080.47,95234.78,,
Mali,MLI,2003,23500.719,6345.5923,337032,14158.075,88781.41,98126.64,,
Mali,MLI,2004,24655.672,6823.9126,341984.8,14514.144,93009.5,101158.29,,
Mali,MLI,2005,25450.904,7306.3936,347233.88,15139.358,96391.71,104701.336,,
Mali,MLI,2006,27525.285,7648.6675,355193.78,15510.233,97938.24,107431.69,,
Mali,MLI,2007,29760.01,8137.8574,364279.3,15970.106,103788.17,110737.91,,
Mali,MLI,2008,32922.816,8151.205,372988.94,16370.249,107981.96,115109.375,,
Mali,MLI,2009,37396.85,8666.636,384771.03,16770.25,111764.3,118812.52,,
Mali,MLI,2010,37708.11,9069.619,389597,16532.5,117853.93,121966.05,,
Mali,MLI,2011,39438.406,7924.7026,397601.16,16024.042,121144.65,124921.73,,
Mali,MLI,2012,40612.543,7736.433,408705.16,15703.975,124984.95,128213.05,,
Mali,MLI,2013,41952.652,7356.6025,417713.25,15208.794,127470.74,133540.56,,
Mali,MLI,2014,43489.203,7896.4897,417710.06,14816.531,129146.305,135447.78,,
Mali,MLI,2015,47434.348,8364.139,438518.88,14458.742,133584.31,143473.95,,
Mali,MLI,2016,50810.023,8503.567,436320.03,14159.741,141486.81,146755.56,,
Mali,MLI,2017,53756.88,9371.435,450052.78,13870.214,148227.92,152816.3,,
Mali,MLI,2018,55168.504,9965.261,446372.56,13562.013,152556.5,155355.8,,
Mali,MLI,2019,57537.527,10303.939,455910.4,13673.196,156998.69,159519.62,,
Mali,MLI,2020,58414.18,10388.241,461399.72,13835.042,161561.27,162829.69,,
Mali,MLI,2021,58929.297,10397.788,467310,13969.904,166237.02,166251.89,,
Mali,MLI,2022,62917.832,12161.8545,472065.75,13967.886,170993.44,169526.53,,
Mauritania,MRT,2000,16572.822,6214.081,126614.86,3162.1982,31275.52,30378.209,,
Mauritania,MRT,2001,17366.023,6965.1,130277.31,3264.2974,32457.732,31931.494,,
Mauritania,MRT,2002,18450.102,6913.3394,134610.62,3343.2637,33408.023,33680.16,,
Mauritania,MRT,2003,18783.47,7052.9644,138438.48,3366.5444,33948.004,35297.76,,
Mauritania,MRT,2004,20058.621,8004.0415,143160.48,3522.7874,33513.074,37007.984,,
Mauritania,MRT,2005,20490.86,8829.245,148713.25,3724.4797,34129.203,39368.18,,
Mauritania,MRT,2006,20481.162,8841.334,153055.89,3786.8586,35473.594,47071.695,,
Mauritania,MRT,2007,21668.744,10309.25,159011.55,4001.1653,34406.73,45368.473,,
Mauritania,MRT,2008,25309.06,9294.123,167068,4091.889,33414.367,46848.29,,
Mauritania,MRT,2009,25809.701,10414.641,172494.1,4233.145,35551.96,47889.715,,
Mauritania,MRT,2010,25278.514,10430.641,176218.19,4161.788,36332.926,48555.13,,
Mauritania,MRT,2011,26613.285,9705.823,183123.56,4009.4265,37278.246,50301.28,,
Mauritania,MRT,2012,28331.025,9561.954,192133.55,4040.7056,38310.453,52540.395,,
Mauritania,MRT,2013,25736.363,9042.453,191035.66,3961.0803,39306.02,53474.984,,
Mauritania,MRT,2014,29430.48,8911.789,197976.8,3875.1978,40145.977,54987.55,,
Mauritania,MRT,2015,33238.195,9735.417,199504.11,3888.3853,41539.957,55883.598,,
Mauritania,MRT,2016,36169.676,9994.854,200963.61,3872.0308,43146.293,56652.65,,
Mauritania,MRT,2017,38290.453,11469.64,205463.03,3909.7256,42537.535,57780.82,,
Mauritania,MRT,2018,39206.293,12508.31,204419.17,3915.7512,42785.348,57993.125,,
Mauritania,MRT,2019,41188.88,12956.54,210514.31,4003.2087,43717.527,59630.285,,
Mauritania,MRT,2020,41695.965,13110.6875,212247.95,4102.162,44662.51,60357.844,,
Mauritania,MRT,2021,41884.266,13079.841,213904,4130.8364,45615.996,61056.516,,
Mauritania,MRT,2022,45788.5,16034.063,217253.5,4148.7305,46629.234,62006.867,,
Mauritius,MUS,2000,49701.734,22540.57,64822.184,1585.4104,6022.556,13790.704,,
Mauritius,MUS,2001,48357.914,22902.584,59122.953,1650.0768,5549.8657,14043.083,,
Mauritius,MUS,2002,44643.89,21810.596,49875.742,1622.1041,5587.4907,13987.572,,
Mauritius,MUS,2003,45149.59,23352.55,48784.137,1655.505,5265.7744,14542.303,,
Mauritius,MUS,2004,47614.58,23724.79,44934.887,1706.2582,5846.424,15204.554,,
Mauritius,MUS,2005,51402.863,25822.129,39958.863,1706.6595,6021.2793,16161.099,,
Mauritius,MUS,2006,50905.824,28773.443,39563.188,1750.4952,6129.766,15853.891,,
Mauritius,MUS,2007,51378.766,30482.188,39016.043,1661.0023,6356.178,16555.977,,
Mauritius,MUS,2008,50906.75,30947.635,37991.195,1752.7825,6335.3213,16733.203,,
Mauritius,MUS,2009,51968.547,31135.734,38699.895,1667.8489,6364.6553,15565.276,,
Mauritius,MUS,2010,55202.09,33594.164,39686.414,1710.0878,6548.9404,15822.848,,
Mauritius,MUS,2011,60222.637,37248.176,40041.91,1690.1827,6599.554,15945.922,,
Mauritius,MUS,2012,57972.758,36069.477,39524.773,1665.2334,6128.75,15894.493,,
Mauritius,MUS,2013,57683.562,36244.71,37795.133,1634.3982,6692.14,15740.948,,
Mauritius,MUS,2014,59718.84,37168.785,38752.574,1616.201,7061.564,15843.878,,
Mauritius,MUS,2015,60792.73,36744.023,40325.375,1714.0448,6608.0835,16178.685,,
Mauritius,MUS,2016,64216.63,39791.062,40305.113,1670.8099,6528.4746,16598.723,,
Mauritius,MUS,2017,74966.76,47643.42,40465.324,1689.846,6613.1997,16776.393,,
Mauritius,MUS,2018,82030.18,52241.902,39955.23,1687.8707,6391.4287,16988.76,,
Mauritius,MUS,2019,88362.11,56820.42,40852.406,1716.2634,6403.073,17301.123,,
Mauritius,MUS,2020,78407.51,34020.695,35771.26,1464.7455,6325.3857,16161.943,,
Mauritius,MUS,2021,77670.18,36791.45,35144.477,1470.209,6330.724,15941.943,,
Mauritius,MUS,2022,95999.42,46643.63,37005.516,1530.7847,6398.2954,16667.795,,
Morocco,MAR,2000,184063.52,222783.98,594959.7,23815.662,111887.86,268045.88,,
Morocco,MAR,2001,194596.77,229924.05,597710.6,24447.396,111243.73,270937.16,,
Morocco,MAR,2002,199375.08,246138.64,603044.56,24899.092,108942.91,263474.28,,
Morocco,MAR,2003,197570.44,243530.61,589976.8,25464.416,111188.31,259869.9,,
Morocco,MAR,2004,223723.12,282837.94,781828.5,27926.016,117664.29,302412.16,,
Morocco,MAR,2005,231185.12,286491.06,765822.8,28355.664,112644.086,305094.1,,
Morocco,MAR,2006,241275.48,281889.53,718767.7,28490.51,114118.29,291955.56,,
Morocco,MAR,2007,246947,278955.66,685860,28958.973,109105.26,285122.88,,
Morocco,MAR,2008,254150.33,319345.84,688031.5,29890.592,105797.67,295751,,
Morocco,MAR,2009,254950.3,236527.34,651550.94,30553.701,105685.22,289633.72,,
Morocco,MAR,2010,270806.97,261776.06,641510.1,31139.547,107739.805,290017.5,,
Morocco,MAR,2011,286155.8,290046.6,632015.06,32158.164,110516.62,292860.75,,
Morocco,MAR,2012,285938.06,288448.97,613275.75,32374.248,112106.72,290384.62,,
Morocco,MAR,2013,284513.44,253177.48,590554.9,32966.652,120272.42,287356.1,,
Morocco,MAR,2014,293088.06,246745.58,569425.7,33164.21,122552.99,279660.03,,
Morocco,MAR,2015,300880.28,246222.5,582865,34171.19,117945.695,284369.16,,
Morocco,MAR,2016,298647.3,236961.8,584167.25,34835.383,119648.016,288040.03,,
Morocco,MAR,2017,310891.03,255785.3,593845,35634.555,130955.69,289848.53,,
Morocco,MAR,2018,315440.66,245863,593580.4,36123.535,123806.25,290870.38,,
Morocco,MAR,2019,339989.25,279137.78,607873.6,37001.094,125075.16,293004.88,,
Morocco,MAR,2020,307032.4,267279.1,627259.25,34048.89,126062.39,287935.06,,
Morocco,MAR,2021,334202.25,293594.34,649452.4,36273.797,127416.945,290664.03,,
Morocco,MAR,2022,251040.47,115646.65,631910.4,36216.52,128712.71,291024.97,,
Mozambique,MOZ,2000,26683.248,9513.405,1278994.8,23158.742,104893.8,267521.16,,
Mozambique,MOZ,2001,25672.447,17295.29,1153954.9,19786.744,95271.09,273752.62,,
Mozambique,MOZ,2002,29233.963,17948.875,1247304.9,21723.256,98824.8,284546.97,,
Mozambique,MOZ,2003,35934.836,24944.777,1382869.9,24281.838,102653.11,293799.28,,
Mozambique,MOZ,2004,36085.33,30604.947,1437729.4,24998.027,104830.49,303576,,
Mozambique,MOZ,2005,33948.68,29506.453,1471914,25409.617,106501.586,313213.9,,
Mozambique,MOZ,2006,34105.62,29868.396,1440257.6,24805.045,102488.32,319090.06,,
Mozambique,MOZ,2007,31370.514,29104.627,1039578.75,14920.478,102457.21,291631.44,,
Mozambique,MOZ,2008,32582.348,25395.13,992135.6,15674.705,99596.23,279913.22,,
Mozambique,MOZ,2009,34135.77,25794.852,955400.3,14977.297,100203.84,291967.94,,
Mozambique,MOZ,2010,35915.004,26158.617,925436.94,14112.634,101489.98,273090.03,,
Mozambique,MOZ,2011,40037.65,27897.732,971145.06,16296.601,105814.63,304607.94,,
Mozambique,MOZ,2012,41857.86,27024.936,1266118.6,16857.066,118703.32,379455.84,,
Mozambique,MOZ,2013,44002.688,27921.693,1388125.4,17336.629,122470.33,405371.4,,
Mozambique,MOZ,2014,50504.254,28542.656,1307351.2,17984.062,125767.93,386682.47,,
Mozambique,MOZ,2015,56561.734,27554.658,1344620,18442.969,121507.234,360241.03,,
Mozambique,MOZ,2016,110200.54,33094.83,1745436.5,18908.79,139952.33,563717.9,,
Mozambique,MOZ,2017,123961.76,36544.04,1794676.9,19258.742,145700.92,595550.75,,
Mozambique,MOZ,2018,89040.92,32230.285,1876718.2,19497.566,151064.03,634891,,
Mozambique,MOZ,2019,85551.92,31134.318,1916763,20042.848,154953.89,650982.1,,
Mozambique,MOZ,2020,78768.62,31009.248,1955913.6,19908.074,158904.47,666596.8,,
Mozambique,MOZ,2021,87415.53,31270.994,2003896.6,21066.207,162956.5,684039.94,,
Mozambique,MOZ,2022,93011.58,31977.574,2029663.9,21089.863,166537.12,697910.6,,
Namibia,NAM,2000,21381.55,33436.543,98019.44,1579.1989,26005.41,26828.76,,
Namibia,NAM,2001,25996.45,63403.668,103244.22,1949.3135,25917.076,28580.74,,
Namibia,NAM,2002,23093.166,61874.22,100536.01,1758.7458,25387.654,28426.582,,
Namibia,NAM,2003,24127.996,107381.555,103476.74,1850.056,25741.445,29779.777,,
Namibia,NAM,2004,24738.275,174985.14,114096.82,1916.4131,25750.3,34588.824,,
Namibia,NAM,2005,26885.584,185104,125074.44,1790.9027,31048.938,37891.945,,
Namibia,NAM,2006,25210.17,180541.66,118810.18,1833.999,26521.053,36573.297,,
Namibia,NAM,2007,25031.281,197723.55,121673.516,1874.3934,26463.312,38173.977,,
Namibia,NAM,2008,28066.385,185500.61,130527.31,2192.519,28167.605,42479.504,,
Namibia,NAM,2009,29210.578,200708.1,136618.86,2333.4402,27861.72,43597.74,,
Namibia,NAM,2010,29386.76,223960.64,137391.94,2385.3164,27710.234,43784.438,,
Namibia,NAM,2011,29402.164,243145.5,137103.9,2392.163,27577.328,43269.895,,
Namibia,NAM,2012,29394.537,234567.58,134672.81,2484.7715,30998.342,43942.51,,
Namibia,NAM,2013,29292.838,212363.3,129913.1,2654.5989,28723.383,42864.555,,
Namibia,NAM,2014,30083.748,203587.69,138974.88,2767.602,30412.877,44859.97,,
Namibia,NAM,2015,30691.068,175843.61,148886.8,2869.6252,30311.781,48123.34,,
Namibia,NAM,2016,30978.24,184616.42,147574.86,2856.254,32842.695,48116.242,,
Namibia,NAM,2017,29796.564,188975.84,147701.92,2822.7566,31858.492,48349.12,,
Namibia,NAM,2018,27829.604,179153.25,148877.11,2845.3718,31504.406,48727.875,,
Namibia,NAM,2019,27905.21,170935.28,149284.08,2832.8196,32136.398,49114.074,,
Namibia,NAM,2020,25936.266,124020.9,147095.4,2653.0896,32748.6,48939.066,,
Namibia,NAM,2021,25861.783,114677.086,148954.89,2703.4058,33392.465,49588.54,,
Namibia,NAM,2022,26104.457,116168.914,151004.12,2723.0127,34032.445,50289.797,,
Niger,NER,2000,16798.545,4848.248,273659.47,5185.333,78209.195,78780.586,,
Niger,NER,2001,17264.578,4923.8037,280821,5355.2666,81685.05,81691.73,,
Niger,NER,2002,17823.438,5208.1475,287556.12,5542.053,84972.664,84498.75,,
Niger,NER,2003,18757.768,5567.4595,298452.28,5756.275,88342.15,87880.766,,
Niger,NER,2004,19411.043,6016.639,310099.94,5949.787,92155.66,91046.78,,
Niger,NER,2005,20140.404,5811.5063,320644.47,6167.8096,95773.414,94481.266,,
Niger,NER,2006,20740.195,5693.332,330507.1,6348.2715,98761.16,97349.77,,
Niger,NER,2007,22057.715,5769.8477,342620.44,6624.0273,102894.05,100934.766,,
Niger,NER,2008,22984.988,6501.6445,353785.2,6865.1465,107388.734,104377.41,,
Niger,NER,2009,25393.764,7422.1934,366989.72,7192.65,112858.83,109738.24,,
Niger,NER,2010,27239.45,9335.453,378512.47,7553.768,112422.72,113285.34,,
Niger,NER,2011,27207.793,9671.583,322746.53,6371.1323,115079.31,106907.82,,
Niger,NER,2012,32426.555,9808.329,357228.44,6887.37,120671.03,117161.414,,
Niger,NER,2013,34525.797,10509.1,448086.9,8947.624,129052,134187.69,,
Niger,NER,2014,36084.145,7937.144,463455.97,9264.064,134737.28,138584.19,,
Niger,NER,2015,37741.824,7908.646,481882.16,9463.929,140218.84,143413.23,,
Niger,NER,2016,37337.99,8339.476,491164.5,9714.185,146506.83,147018.86,,
Niger,NER,2017,36921.562,9089.145,498336.03,9878.55,153085.69,150696.33,,
Niger,NER,2018,37387.797,7788.625,518906.97,10237.557,159656.75,156992.16,,
Niger,NER,2019,39789.418,7863.8027,538513.25,10745.41,166137.52,163206.81,,
Niger,NER,2020,40475.184,8878.686,578675.75,11588.255,173548.86,172305.11,,
Niger,NER,2021,41401.125,8879.933,596817,12004.846,180396.77,178046.72,,
Niger,NER,2022,42445.99,9505.772,598352.94,12012.633,187091.83,181315.78,,
Nigeria,NGA,2000,548147.9,92653.22,14866313,134540.95,810597.4,3242099.8,,
Nigeria,NGA,2001,609267.56,104952.46,15814112,138085.9,846391.9,3379910.2,,
Nigeria,NGA,2002,616395.6,104978.21,15485607,142767.52,859630.44,3390618.5,,
Nigeria,NGA,2003,641813.4,113122.83,15697840,148485.98,892466.94,3571886,,
Nigeria,NGA,2004,655947.44,121439.164,15983390,154891.58,911580.56,3719317.2,,
Nigeria,NGA,2005,671004.3,112653.57,16894366,154842.83,942648.7,3847358,,
Nigeria,NGA,2006,630406.1,90014.984,16911336,156437.98,978356.3,3921181.8,,
Nigeria,NGA,2007,609021.25,72822.7,17631900,158233.89,1016612.1,4169455,,
Nigeria,NGA,2008,671745.2,89111.2,18014392,161643.17,1074373.8,4187379,,
Nigeria,NGA,2009,654589.9,75135.98,18225674,161956.64,1078989,4174507.2,,
Nigeria,NGA,2010,722950.56,91372.46,19059614,171839.66,1162918.5,4458542,,
Nigeria,NGA,2011,710831.1,92568.484,19779310,173286.34,1154544.2,4611466,,
Nigeria,NGA,2012,724182.8,98694.01,20751094,178428.08,1207178.6,4842942.5,,
Nigeria,NGA,2013,923590.1,113379.164,21242344,185455.11,1262934,4860302.5,,
Nigeria,NGA,2014,944022.75,110841.58,21796598,186180.22,1241176.8,4947090.5,,
Nigeria,NGA,2015,888775.44,103425.64,22104538,187808.81,1254880.4,4997021,,
Nigeria,NGA,2016,971423,113761.68,22681070,194205.69,1297063.1,5042434.5,,
Nigeria,NGA,2017,972118,116359,23128434,198541.31,1372293.5,5134770,,
Nigeria,NGA,2018,1020463.1,123346.21,23171924,200152.12,1382061.6,5126078.5,,
Nigeria,NGA,2019,1063577.8,128122.88,23266410,201872.97,1402661.6,5163824,,
Nigeria,NGA,2020,954644.75,109134.7,23092710,197879.86,1423159.6,5152598.5,,
Nigeria,NGA,2021,1015633.06,115770.67,23266248,199334.83,1444688.5,5204479.5,,
Nigeria,NGA,2022,1020357.7,119082.23,23324256,198114.78,1466443.6,5236263.5,,
Rwanda,RWA,2000,10613.896,3846.2524,310858.16,7934.864,29004.785,73083.53,,
Rwanda,RWA,2001,10804.183,3816.6484,311370.34,7948.062,30066.271,74591.36,,
Rwanda,RWA,2002,11086.609,4183.611,314426.8,8025.6187,30822.926,76013.35,,
Rwanda,RWA,2003,11125.054,3807.9253,313622.88,7977.9106,31989.373,76999.914,,
Rwanda,RWA,2004,11418.803,3737.5325,314878.12,7986.0303,33619.06,77972.55,,
Rwanda,RWA,2005,11799.024,3779.713,313823.88,6996.24,34970.79,79616.805,,
Rwanda,RWA,2006,12328.9375,3871.5833,315150.97,7163.546,37030.594,80259.51,,
Rwanda,RWA,2007,12468.708,3607.3076,317645.6,7290.934,38404.562,81600.016,,
Rwanda,RWA,2008,12904.994,3638.143,319091.53,7450.141,39655.03,82789.305,,
Rwanda,RWA,2009,13301.982,3768.9314,321561.12,7740.805,40973.62,84265.07,,
Rwanda,RWA,2010,13555.93,4245.5625,322470.4,7908.094,42446.07,85411.62,,
Rwanda,RWA,2011,15047.261,4276.0566,323356.94,8118.9624,42534.07,86384.69,,
Rwanda,RWA,2012,15523.38,4730.757,329518.12,8372.585,45000.85,88504.87,,
Rwanda,RWA,2013,15706.473,4984.3213,327252.5,8573.701,45617.965,89757.73,,
Rwanda,RWA,2014,15735.077,5049.676,322300.75,8632.781,45847.992,89623.39,,
Rwanda,RWA,2015,16849.451,4118.6733,326115.75,8744.474,50936.355,90957.67,,
Rwanda,RWA,2016,16515.297,4278.5854,328591.97,8691.217,52206.1,91870.72,,
Rwanda,RWA,2017,17675.666,5346.9487,337036.84,8835.995,53478.617,94278.45,,
Rwanda,RWA,2018,17904.703,5945.576,347678.2,9043.644,53536.5,96771.4,,
Rwanda,RWA,2019,18444.645,5347.287,355775.75,9280.467,54761.74,99167.664,,
Rwanda,RWA,2020,17172.1,4946.5073,365791.34,9596.373,56078.277,101669.805,,
Rwanda,RWA,2021,18796.818,5815.603,374089.97,9883.75,57322.746,104103.29,,
Rwanda,RWA,2022,19507.139,6457.5,374691.2,9884.624,58309.17,105078.23,,
Sao Tome and Principe,STP,2000,758.698,274.32635,7961.2607,181.89133,580.1045,1849.6475,,
Sao Tome and Principe,STP,2001,768.41425,306.52744,8053.3535,185.6245,608.5166,1918.908,,
Sao Tome and Principe,STP,2002,825.7655,321.58444,8228.532,190.51382,638.98804,2008.6272,,
Sao Tome and Principe,STP,2003,873.635,354.21786,8405.944,193.6024,664.3024,2093.0398,,
Sao Tome and Principe,STP,2004,1037.6423,419.9671,8631.608,202.4764,688.47015,2186.8096,,
Sao Tome and Principe,STP,2005,1132.8872,472.29907,8874.804,213.49345,716.02454,2304.0784,,
Sao Tome and Principe,STP,2006,1185.0696,506.4875,9038.707,220.99156,730.2548,2349.4302,,
Sao Tome and Principe,STP,2007,1182.6787,524.04517,9171.529,225.21744,761.5847,2399.1863,,
Sao Tome and Principe,STP,2008,1349.3655,481.76947,9394.874,225.9277,795.61,2452.9524,,
Sao Tome and Principe,STP,2009,1418.0137,519.13336,9673.272,231.46913,823.22345,2502.318,,
Sao Tome and Principe,STP,2010,1456.81,540.8719,9857.726,230.81778,829.1867,2545.899,,
Sao Tome and Principe,STP,2011,1618.0051,513.3587,10144.327,219.96933,851.1301,2602.1948,,
Sao Tome and Principe,STP,2012,1637.5541,479.31802,9981.651,220.29901,869.7571,2599.1477,,
Sao Tome and Principe,STP,2013,1617.5331,448.1741,10013.502,214.99083,912.77094,2670.2483,,
Sao Tome and Principe,STP,2014,1634.522,507.5584,10101.287,209.71477,936.18134,2698.8672,,
Sao Tome and Principe,STP,2015,1835.2959,543.0798,10124.578,209.00626,950.88556,2747.7444,,
Sao Tome and Principe,STP,2016,1982.5208,560.41766,10144.325,207.27853,974.4534,2773.65,,
Sao Tome and Principe,STP,2017,2121.6423,637.1508,10307.726,208.21509,1009.84656,2841.8618,,
Sao Tome and Principe,STP,2018,2139.9778,686.0714,10213.502,207.43605,1013.45013,2862.642,,
Sao Tome and Principe,STP,2019,2249.4802,729.19226,10515.414,211.24428,1030.8905,2940.4902,,
Sao Tome and Principe,STP,2020,2260.123,686.9828,10572.644,215.70018,1048.6185,2966.6582,,
Sao Tome and Principe,STP,2021,2278.4712,688.3353,10625.148,216.9369,1066.4673,2992.167,,
Sao Tome and Principe,STP,2022,2506.335,841.5691,10777.415,217.93524,1087.6079,3033.6099,,
Senegal,SEN,2000,44976.29,26617.148,290146.44,4260.574,59271.01,98468.086,,
Senegal,SEN,2001,45799.258,28963.95,296500.75,4435.7944,60930.793,103564.07,,
Senegal,SEN,2002,44908.66,29700.209,300872.06,4512.1553,61689.773,108699.55,,
Senegal,SEN,2003,44971.035,28582.943,301291.7,4500.173,60425.188,111367.445,,
Senegal,SEN,2004,49540.406,32971.523,307357.22,4628.6704,61345.582,115133.555,,
Senegal,SEN,2005,53611.137,34385.32,302816.7,4717.9917,62480.76,117555.87,,
Senegal,SEN,2006,51532.617,32434.99,343118.62,4912.858,65198.06,129494.625,,
Senegal,SEN,2007,55658.34,35841.82,385968.62,5323.2393,68486.9,145945.64,,
Senegal,SEN,2008,58682.7,34580.926,396913.47,5656.7935,69675.305,149923.36,,
Senegal,SEN,2009,60340.676,39850.56,503675.28,6929.8623,74542.164,177175.84,,
Senegal,SEN,2010,62101.43,38617.176,491578.6,6965.6064,78785.055,176810.7,,
Senegal,SEN,2011,65666.055,36885.754,509199.94,7306.5537,81557.22,183003.19,,
Senegal,SEN,2012,65701.984,36563.727,518509.72,7366.627,83325.555,186000.75,,
Senegal,SEN,2013,66816.734,40358.273,436412.12,6481.79,85492.78,166161.66,,
Senegal,SEN,2014,73263.14,45238.742,434797.8,7262.5464,86007.73,159982.55,,
Senegal,SEN,2015,82865.92,53188.094,405242.4,7313.277,85015.125,149676.53,,
Senegal,SEN,2016,87090.875,59191.676,379577,7342.1914,86557.6,141893.97,,
Senegal,SEN,2017,71467.195,58283.36,347611.8,6762.3364,87716.87,137493.36,,
Senegal,SEN,2018,83608.52,58687.71,326612.34,6968.7124,87889.01,129578.16,,
Senegal,SEN,2019,84774.79,57735.98,337061.53,6912.7485,90488.73,136924.8,,
Senegal,SEN,2020,85337.445,59885.008,358039.94,6724.398,93340.01,142543.66,,
Senegal,SEN,2021,88840.56,65646,366049.84,7020.8164,95833.55,144342.08,,
Senegal,SEN,2022,96959.11,82276.65,369758.78,7062.6514,98433.69,147091,,
Seychelles,SYC,2000,11602.107,3804.975,9383.872,431.0606,394.2477,2440.2244,,
Seychelles,SYC,2001,12176.66,4365.165,10003.5625,490.0209,346.04193,2549.6855,,
Seychelles,SYC,2002,10602.498,3581.9465,8947.113,432.44724,344.38235,2300.9297,,
Seychelles,SYC,2003,10095.495,3654.1328,9078.586,412.93777,364.4411,2313.1453,,
Seychelles,SYC,2004,15093.601,5219.9795,12349.176,554.80945,357.1529,2980.8604,,
Seychelles,SYC,2005,13439.792,5055.629,11038.499,564.7179,357.94122,2715.282,,
Seychelles,SYC,2006,14534.119,5221.8926,11785.784,607.6771,367.97205,2859.7986,,
Seychelles,SYC,2007,10536.54,4519.333,9358.538,551.789,364.60025,2343.0247,,
Seychelles,SYC,2008,12127.937,4858.983,10147.247,571.53217,352.40286,2500.94,,
Seychelles,SYC,2009,12714.853,5092.701,11451.537,592.37616,334.55945,2699.1687,,
Seychelles,SYC,2010,10533.32,4433.9873,10062.424,551.0812,321.90665,2419.2476,,
Seychelles,SYC,2011,9883.089,3542.91,9703.82,444.93814,326.9324,2298.9111,,
Seychelles,SYC,2012,10632.288,3325.9753,10902.268,476.24017,298.5422,2526.1758,,
Seychelles,SYC,2013,9679.847,3126.8235,9549.627,478.45285,287.83615,2347.6558,,
Seychelles,SYC,2014,11003.166,3172.6694,11236.944,473.66006,299.05002,2650.5637,,
Seychelles,SYC,2015,12369.938,3389.434,12482.4795,498.85052,313.15744,2886.5,,
Seychelles,SYC,2016,13413.404,3519.422,13747.809,514.0186,309.0051,3080.9817,,
Seychelles,SYC,2017,14452.826,4002.1323,14918.929,546.3895,323.58716,3305.425,,
Seychelles,SYC,2018,14589.221,4300.3877,14898.986,567.60815,322.25073,3240.592,,
Seychelles,SYC,2019,15396.656,4629.817,16889.56,594.0782,327.87067,3601.9526,,
Seychelles,SYC,2020,15473.586,4263.8267,16924.799,621.24084,329.04434,3556.1968,,
Seychelles,SYC,2021,15606.855,4281.261,16838.164,627.75006,330.32147,3488.4695,,
Seychelles,SYC,2022,17214.035,5201.984,17404.936,634.73865,342.19394,3525.399,,
Sierra Leone,SLE,2000,9010.53,2580.0051,380629.62,4891.5625,22083.291,78063.7,,
Sierra Leone,SLE,2001,9996.453,3286.5942,382761.12,5067.023,21573.168,80162.11,,
Sierra Leone,SLE,2002,10233.159,3414.0693,384235.34,5229.6523,22196.066,82984.94,,
Sierra Leone,SLE,2003,10427.189,3388.405,385507.12,5435.6,22983.523,85752.5,,
Sierra Leone,SLE,2004,11351.347,3638.8696,388151.22,5646.9883,23900.174,88642.336,,
Sierra Leone,SLE,2005,10328.149,3316.5212,392859.44,5883.602,25017.732,92887.46,,
Sierra Leone,SLE,2006,12472.042,4237.72,399401.5,6111.1074,26255.25,95217.89,,
Sierra Leone,SLE,2007,11539.218,3750.772,405494.38,6185.7476,26989.738,97631.7,,
Sierra Leone,SLE,2008,11495.581,3629.7236,411043.5,6276.6245,28147.568,99967.56,,
Sierra Leone,SLE,2009,12128.0205,3739.4307,418726.22,6351.9087,29687.564,102857.15,,
Sierra Leone,SLE,2010,12477.635,3918.453,425117.97,6212.557,30664.809,105310.54,,
Sierra Leone,SLE,2011,14155.565,4022.7131,432622.34,6052.0405,31661.99,107775.79,,
Sierra Leone,SLE,2012,15166.496,3928.36,446671.72,5909.167,32826.48,111788.5,,
Sierra Leone,SLE,2013,16536.604,3717.8228,449972.03,5693.74,33687.758,114584.7,,
Sierra Leone,SLE,2014,17381.918,4043.8376,451341.6,5513.6606,34180.05,115943.45,,
Sierra Leone,SLE,2015,18921.791,4332.331,444518.62,5358.9434,34092.973,116004.734,,
Sierra Leone,SLE,2016,19917.51,4419.178,438481.72,5219.1333,34060.14,116086.99,,
Sierra Leone,SLE,2017,20947.307,4940.7983,439355.78,5091.922,34376.777,118106.33,,
Sierra Leone,SLE,2018,21307.285,5302.195,432592.75,4954.874,34500.184,118353.914,,
Sierra Leone,SLE,2019,22182.186,5485.7847,436184.97,4966.5205,35011.008,120020.28,,
Sierra Leone,SLE,2020,22388.443,5547.7686,438527,4995.146,35543.79,121355.43,,
Sierra Leone,SLE,2021,22427.654,5539.869,441244.5,5002.4014,36078.152,122736.57,,
Sierra Leone,SLE,2022,24281.555,6585.825,444929.84,5004.797,36676.16,124265.96,,
Somalia,SOM,2000,25923.271,4621.883,694227.56,8610.388,103565.734,145174.5,,
Somalia,SOM,2001,26357.17,4691.4077,729229.7,8725.62,107298.11,156043.34,,
Somalia,SOM,2002,26878.707,4874.7603,752829.8,8895.869,108993.7,165131.69,,
Somalia,SOM,2003,27355.678,4969.1104,800220.2,9027.851,110552.586,179126.02,,
Somalia,SOM,2004,28276.64,5168.3765,821320.8,9205.669,112788.97,187755.33,,
Somalia,SOM,2005,28898.89,5405.577,855567.7,9539.269,115789.64,201328.42,,
Somalia,SOM,2006,28986.404,5145.587,906418.2,9693.907,113611.88,213148.7,,
Somalia,SOM,2007,28145.275,5274.6167,909137.75,9887.357,110344.11,214699.53,,
Somalia,SOM,2008,29150.943,5155.7515,986810.4,10027.728,113026.26,232966.39,,
Somalia,SOM,2009,29337.428,5132.473,1038416.1,10157.213,114881.65,245336.12,,
Somalia,SOM,2010,29296.262,5027.786,1076434.5,9914.884,116806.63,255202.9,,
Somalia,SOM,2011,29898.646,4502.689,1119296.9,9540.79,119095.81,265752.94,,
Somalia,SOM,2012,30137.48,4272.8203,1140074.5,9306.947,120645.97,271669.75,,
Somalia,SOM,2013,30059.068,4042.6492,1131779.5,8981.084,120893.766,273779.97,,
Somalia,SOM,2014,30042.854,4325.6987,1124112.1,8725.463,121530.02,274051,,
Somalia,SOM,2015,30526.941,4489.1084,1102123.4,8496.267,121315.3,273742.34,,
Somalia,SOM,2016,30697.094,4553.542,1093987.9,8293.9375,121145.43,276263.1,,
Somalia,SOM,2017,31367.225,4950.5195,1106367.4,8101.6235,121370.734,284418.22,,
Somalia,SOM,2018,31327.996,5194.4067,1097543.9,7905.3936,121669.83,286945,,
Somalia,SOM,2019,32440.91,5436.563,1112534,7957.001,124713.69,292739.56,,
Somalia,SOM,2020,32970.62,5225.338,1128939.4,8038.5483,127916.27,298689.1,,
Somalia,SOM,2021,33375.15,5244.35,1147082.5,8109.7324,131232.75,304998.06,,
Somalia,SOM,2022,34660.99,6100.763,1159406.9,8107.504,134505.67,310520.28,,
South Africa,ZAF,2000,1714676.6,2424072,3910954.5,58836.32,313214.72,1226388,,
South Africa,ZAF,2001,1998147.9,2758504,4963206.5,61602.547,310198.1,1325477.1,,
South Africa,ZAF,2002,2009553.1,2759349.5,4998802,64175.26,321681.38,1329876.4,,
South Africa,ZAF,2003,2079853.8,2874273.5,4924578,67223.6,311254.56,1337131.4,,
South Africa,ZAF,2004,2157111.8,3041326.8,5173858,71859.36,313937.34,1383677.8,,
South Africa,ZAF,2005,2139572.2,2969634.2,5101412,72890.14,297620.72,1396883.6,,
South Africa,ZAF,2006,2111905.5,2931150.5,5162443.5,76673.65,313840.75,1404331.8,,
South Africa,ZAF,2007,2199666,3046829.5,5394356,88958.22,317865.2,1415403.9,,
South Africa,ZAF,2008,2279656.5,3334045,5427632,96038.22,319715.03,1429892,,
South Africa,ZAF,2009,2061679.9,3051025.2,5177328.5,91502.68,325682.44,1435988.4,,
South Africa,ZAF,2010,2325017.8,3295655.5,5062493,71380.02,325524.12,1412753.8,,
South Africa,ZAF,2011,2251390.5,3111771,4925971.5,75116.16,330027.03,1457493.1,,
South Africa,ZAF,2012,2284506.2,3252675.5,5288396.5,86523,334964.34,1486324.2,,
South Africa,ZAF,2013,2316627,3285787.2,5321512,91680.484,335246.34,1493635.5,,
South Africa,ZAF,2014,2327077,3425153.5,5241905.5,91484.445,323981.9,1486916.8,,
South Africa,ZAF,2015,2231217.5,3185124,5025078,87563.51,320088.34,1458890,,
South Africa,ZAF,2016,2154133.8,3193852.8,4898138.5,79356.695,313131.78,1461398.9,,
South Africa,ZAF,2017,2162398.2,3166494.5,5362994.5,98925.15,348947.28,1530012.1,,
South Africa,ZAF,2018,2149613,3222499,4958141,85458.55,311590.5,1491948.2,,
South Africa,ZAF,2019,2148898.8,3341123.8,4549381,75034.8,312952.97,1437452.9,,
South Africa,ZAF,2020,1904625.8,2947566,4413481,70964.11,314120.5,1417813.4,,
South Africa,ZAF,2021,1888310.5,2935214.8,4424910.5,73265.836,315945.53,1417539.4,,
South Africa,ZAF,2022,1859645.1,2828198.5,4374251,71588.76,317917.03,1416040.8,,
South Sudan,SSD,2000,9340.185,769.4135,532731.1,3184.8538,74257.35,148582.05,,
South Sudan,SSD,2001,9925.065,774.5965,547948,3312.508,80555.72,161056.39,,
South Sudan,SSD,2002,10347.292,1038.4579,571777,3436.9492,82541.67,175387.88,,
South Sudan,SSD,2003,10792.137,1105.0065,560678.4,3559.2437,85364.625,176427.81,,
South Sudan,SSD,2004,11167.056,1195.1017,550485.56,3689.8464,87850.08,177574.16,,
South Sudan,SSD,2005,11616.084,1232.3401,541961.94,3832.0476,90314.914,177366.94,,
South Sudan,SSD,2006,11941.386,1337.3625,545482.7,3989.5457,91570.375,178043.97,,
South Sudan,SSD,2007,12465.48,1609.0668,547060.94,4161.7324,93533.98,182020.33,,
South Sudan,SSD,2008,12767.534,1627.2917,563216.3,4339.001,95767.21,185585.56,,
South Sudan,SSD,2009,13179.992,1697.4324,588125,4528.6914,98602.38,193751.17,,
South Sudan,SSD,2010,13604.203,1724.9404,614001.7,4722.261,102217.88,201442.08,,
South Sudan,SSD,2011,13541.43,1759.8683,636862.5,4925.0107,102756.12,207279.56,,
South Sudan,SSD,2012,30307.775,4107.477,688794.75,5531.61,111159.19,204470.64,,
South Sudan,SSD,2013,30599.477,4296.3516,711317.5,5731.4365,116181.664,214358.6,,
South Sudan,SSD,2014,31365.066,4452.0884,733996.06,5934.621,119916.59,223588.84,,
South Sudan,SSD,2015,33908.492,5622.677,758691.8,6155.457,119604.71,229416.56,,
South Sudan,SSD,2016,33170.25,5071.1973,771186.7,6287.388,128120.39,231741.62,,
South Sudan,SSD,2017,29453.662,4704.7827,781896.94,6360.617,120323.47,234399.66,,
South Sudan,SSD,2018,33740.477,5351.045,799942.5,6589.507,124268.28,239413.55,,
South Sudan,SSD,2019,34184.418,5423.4956,817105,6722.2705,127380.164,244662.14,,
South Sudan,SSD,2020,33377.496,5331.4585,833105,6826.993,130555.89,249816.17,,
South Sudan,SSD,2021,34787.69,5531.389,852283.8,6984.511,133836.78,255493.2,,
South Sudan,SSD,2022,35475.008,5604.856,859132.44,6988.5767,137102.03,259193.3,,
Sudan,SDN,2000,110387.2,21994.697,2106945.2,21182.092,329869.88,567996.44,,
Sudan,SDN,2001,119841.375,24580.732,2116247.2,22208.846,351422.8,612045.9,,
Sudan,SDN,2002,131739.73,28670.008,2134488.2,23153.963,355945.25,664588.9,,
Sudan,SDN,2003,139955.69,28859.48,2059747.1,24066.096,365644.9,667771.5,,
Sudan,SDN,2004,147287.03,31574.822,1990443.9,25592.838,373427.47,671125.1,,
Sudan,SDN,2005,159529.89,36838.24,1932759.5,27549.127,379870.3,667893.8,,
Sudan,SDN,2006,180801.39,45228.688,2001913.8,30862.652,381971.8,673128.4,,
Sudan,SDN,2007,183210.66,48606.41,1873367.4,29696.395,380624.12,661037,,
Sudan,SDN,2008,200052.77,63236.53,1870351.9,30478.902,381763.53,657728.56,,
Sudan,SDN,2009,201281.64,61853.855,1922104.8,30364.85,385594.2,674627.8,,
Sudan,SDN,2010,189255.31,62815.992,1966447.1,30672.97,391287.5,686774,,
Sudan,SDN,2011,196036.33,62270.668,1970539.1,30922.98,385072.88,686000.2,,
Sudan,SDN,2012,210158.53,57994.016,2010095.2,30534.676,406284.28,646961.1,,
Sudan,SDN,2013,203453.22,58926.973,2004634.8,30798.316,414951.53,661118.44,,
Sudan,SDN,2014,212921.02,20620.41,2023310.9,31431.139,420353.94,675796.5,,
Sudan,SDN,2015,249441.47,27698.611,2049044,32317.57,414293.3,680457.94,,
Sudan,SDN,2016,279478.28,88787.555,2073723.4,33872.68,438762.8,682330.06,,
Sudan,SDN,2017,271462.47,31554.783,2089059.1,33668.137,411826.84,685537.25,,
Sudan,SDN,2018,258877.98,32351.863,2127346.2,34535.2,424481.2,697479.7,,
Sudan,SDN,2019,252129.48,31116.22,2170459,35222.65,434714.34,711238.25,,
Sudan,SDN,2020,238753.27,30270.607,2196091.8,34655.875,444913.3,721079.7,,
Sudan,SDN,2021,274473.75,31431.96,2263326,35747.367,455372.75,739249.9,,
Sudan,SDN,2022,297518.12,37075.98,2290190.5,35779.18,465320.84,750496.94,,
Tanzania,TZA,2000,72146.65,22880.285,2746487,41332.64,235793.67,535836.6,,
Tanzania,TZA,2001,71687.984,22624.582,2721626.5,42655.176,241503,554835.9,,
Tanzania,TZA,2002,76572.414,24462.094,2700247.5,44888.594,247648.58,578499.5,,
Tanzania,TZA,2003,79137.13,25483.139,2678534.5,46900.242,257926.67,600046.7,,
Tanzania,TZA,2004,101273.44,40814.41,2664719.8,47416.06,265940.97,622992.56,,
Tanzania,TZA,2005,101721.32,40217.883,2643665.5,49854.555,270442.16,660917.4,,
Tanzania,TZA,2006,106522.5,44382.95,2694998.5,51423.61,280471.06,661608.06,,
Tanzania,TZA,2007,99294.586,28726.383,2745834,51641.16,285079.3,672489.9,,
Tanzania,TZA,2008,99332.914,21217.793,2800560.2,52572.36,291766.03,688309.56,,
Tanzania,TZA,2009,97799.65,20034.996,2852782.8,53988.61,299981.03,703766.6,,
Tanzania,TZA,2010,102328.59,25261.553,2917043.8,55386.508,311284.78,721507.56,,
Tanzania,TZA,2011,118105.875,33033.285,2993762.8,57687.24,319788.44,742517.3,,
Tanzania,TZA,2012,140420.39,40665.594,3062949,57240.004,333416.53,762369.8,,
Tanzania,TZA,2013,150305.69,44137.77,3124078.2,59683.8,356923.7,783281.44,,
Tanzania,TZA,2014,147027.6,32470.63,3199001.8,57927.195,361460.94,802418.8,,
Tanzania,TZA,2015,159674.25,37275.85,3293891.8,59726.805,365507.75,826324.7,,
Tanzania,TZA,2016,151913.75,22207.541,3361797.8,60873.04,379850.28,847109.75,,
Tanzania,TZA,2017,145494.95,21383.48,3406128.2,60960.758,382265.2,862327.94,,
Tanzania,TZA,2018,151538.95,19971.559,3457948.8,61839.082,396399.4,879117.06,,
Tanzania,TZA,2019,156908.39,20982.92,3632946.5,65539.164,410138.53,916410.56,,
Tanzania,TZA,2020,155261.12,19564.441,3681681.5,65897.766,420924.9,933853.44,,
Tanzania,TZA,2021,171962.61,21916.033,3761756.5,67522.695,432337.88,956858.2,,
Tanzania,TZA,2022,175302.55,23190.043,3792049.5,67487.83,442882.34,971538.25,,
Togo,TGO,2000,10137.589,3929.321,374806.47,3484.8767,29101.207,108700.875,,
Togo,TGO,2001,10001.497,2906.7627,383707.2,3425.6777,29945.477,114909.47,,
Togo,TGO,2002,10399.434,3130.188,396572.9,3562.448,30863.254,122252.26,,
Togo,TGO,2003,12451.126,3679.2803,409503.34,3817.8965,31811.725,129757.6,,
Togo,TGO,2004,12845.534,3422.3757,420013.5,3835.4473,32725.59,136982.92,,
Togo,TGO,2005,12620.378,2830.7622,432691.4,3899.654,34063.66,145181.19,,
Togo,TGO,2006,12260.661,2995.5427,437362.6,4035.1743,35052.004,147459.31,,
Togo,TGO,2007,12677.535,2801.757,450319.53,4130.022,36134.527,151782.3,,
Togo,TGO,2008,15392.928,3030.6287,469280.16,4207.53,36696.234,156904.62,,
Togo,TGO,2009,26264.807,7789.1055,515099.66,5425.5044,39101.508,171187.2,,
Togo,TGO,2010,23966.05,8648.742,520945.25,5364.0254,40270.73,174733.11,,
Togo,TGO,2011,22433.174,4308.6924,531045.06,5396.0215,41328.734,178794.6,,
Togo,TGO,2012,20692.72,3703.5596,540530.06,5322.743,42279.785,182697.77,,
Togo,TGO,2013,20293.137,3180.487,553824.9,4833.662,43262.254,187731.81,,
Togo,TGO,2014,18762.482,8414.764,570172.7,4750.873,44767.266,192671.42,,
Togo,TGO,2015,26999.916,3816.2751,587130.75,5097.888,46531.863,198051.52,,
Togo,TGO,2016,24046.908,10020.66,603310.44,5050.6045,47814.79,203856.53,,
Togo,TGO,2017,32790.516,5354.8374,605086,5054.421,47570.645,206107.9,,
Togo,TGO,2018,35015.61,4638.622,630387.4,5368.205,50482.945,212886.86,,
Togo,TGO,2019,30060.121,3375.8035,645950.5,5312.435,51826.332,218114.78,,
Togo,TGO,2020,38126.13,4455.228,670994.06,5888.1855,53363.74,224768.4,,
Togo,TGO,2021,39820.805,4717.6377,687294.06,6032.4595,54683.586,230125.78,,
Togo,TGO,2022,40028.934,5435.766,697677.9,6030.59,55861.453,234601.52,,
Tunisia,TUN,2000,88200.12,71219.73,440303.8,8730.567,47838.645,206251.38,,
Tunisia,TUN,2001,91244.836,69806.61,459278.06,8970.912,47989.336,211355.81,,
Tunisia,TUN,2002,89423.67,69934.81,477833.28,9107.101,48191.453,209109.97,,
Tunisia,TUN,2003,87595.75,67768.68,480959.3,9417.057,48110.113,209051.9,,
Tunisia,TUN,2004,89349.97,71849.02,495761.44,9667.401,49922.348,226024.16,,
Tunisia,TUN,2005,89194.17,70075.41,511206.94,9866.652,51032.86,233847,,
Tunisia,TUN,2006,94426.34,79462.8,492975.72,9940.417,49296.656,215691.38,,
Tunisia,TUN,2007,99594.56,84172.21,485423.25,10212.342,52014.82,224201.05,,
Tunisia,TUN,2008,97009.625,74478.586,500037,10219.4375,53600.05,232965.98,,
Tunisia,TUN,2009,99281.54,70439.68,498203.7,11151.122,53120.477,230700.47,,
Tunisia,TUN,2010,104369.24,64422.867,461554.22,10469.377,54064.56,232612.7,,
Tunisia,TUN,2011,97552.99,57092.242,474113.66,9780.61,53007.53,240793.78,,
Tunisia,TUN,2012,100362.46,59626.918,464728.34,10018.395,55225.766,261514.53,,
Tunisia,TUN,2013,99229.44,61033.887,453287.66,9976.668,54237.703,236607.12,,
Tunisia,TUN,2014,106783.195,42809.89,455775.25,10491.414,55451.312,214124.56,,
Tunisia,TUN,2015,107938.14,50342.285,466670.56,10784.293,56350.176,215986.75,,
Tunisia,TUN,2016,104701.1,38590.406,452827.88,10816.256,58304.465,209569.05,,
Tunisia,TUN,2017,109327.74,37838.805,461269.97,11254.196,56840.59,209327.7,,
Tunisia,TUN,2018,109645.125,35890.61,461759.38,11194.41,58315.254,208072.72,,
Tunisia,TUN,2019,108939.2,36039.633,458599.97,10811.123,58847.152,208039.8,,
Tunisia,TUN,2020,100582.94,33901.117,455451.84,10396.786,59268.71,206844.92,,
Tunisia,TUN,2021,106859.82,34936.05,454947.5,10798.54,59595.934,205829.03,,
Tunisia,TUN,2022,111408.766,42950.75,454468.66,10846.553,60133.78,206532.67,,
Uganda,UGA,2000,45478.32,8510.065,2148144,23623.793,157896.27,434289.06,,
Uganda,UGA,2001,47178.688,8639.8545,2171144.5,24201.668,162651.64,450200.2,,
Uganda,UGA,2002,49553.48,8987.251,2197519.8,25094.844,168952.2,466750.97,,
Uganda,UGA,2003,51344.383,9686.355,2219738.8,25882.328,176150.62,482488.66,,
Uganda,UGA,2004,53105.746,10788.3,2248646.8,26677.736,181050.14,496157.2,,
Uganda,UGA,2005,57431.445,12118.776,2283305.2,27654.914,186507.52,515545.22,,
Uganda,UGA,2006,62482.26,13062.53,2328232,28600.324,189718.94,522859,,
Uganda,UGA,2007,67544.484,14062.562,2386832.8,29380.92,195969.73,548935.25,,
Uganda,UGA,2008,73007.72,14298.587,2433556.2,30558.414,223149.8,561742.4,,
Uganda,UGA,2009,77685.71,15082.05,2492805.2,32137.904,230005.34,579851.6,,
Uganda,UGA,2010,82476.67,14726.4375,2545294,33270.555,236780.45,599646.9,,
Uganda,UGA,2011,90117.9,15717.2295,2661819.8,34397.617,244768.25,624052.94,,
Uganda,UGA,2012,88972.29,14979.918,2712265,35233.457,251521.28,643662.4,,
Uganda,UGA,2013,91946.39,14783.236,2713104.8,37029.15,254852.14,657697.44,,
Uganda,UGA,2014,98585.24,15652.394,2706721.8,38403.035,258955.81,664469.94,,
Uganda,UGA,2015,118163.48,13786.833,2835297.8,40336.79,268462.6,689402.4,,
Uganda,UGA,2016,119816.39,12723.618,2912764,41142.1,278949.22,708723,,
Uganda,UGA,2017,118126.31,13163.901,3010974.5,42188.836,287961.12,733803.9,,
Uganda,UGA,2018,162120.4,16615.797,3100886.2,43478.812,295777.03,756850.9,,
Uganda,UGA,2019,128253.375,13992.176,3080691,42701.9,301994.9,762093.4,,
Uganda,UGA,2020,122582.76,13890.949,3242328.8,44992.43,313804.47,795784.6,,
Uganda,UGA,2021,132541.5,14660.285,3363887.5,46808.63,324246.53,824037.94,,
Uganda,UGA,2022,136386.83,15017.951,3375926.5,46671.32,331752.72,834944.25,,
Zambia,ZMB,2000,26697.635,377820.8,1217363.9,13564.184,75175.3,258913.84,,
Zambia,ZMB,2001,27947.236,671263.25,1217544,13946.141,77764.695,273276.56,,
Zambia,ZMB,2002,29064.979,687480.56,1213034.5,14291.281,79544.16,287863.97,,
Zambia,ZMB,2003,30419.988,421405.38,1209998,14662.964,80194.43,303348.3,,
Zambia,ZMB,2004,31412.262,474395.28,1201599.2,15044.223,81110.8,319187.5,,
Zambia,ZMB,2005,33337.957,268321.66,1189081.5,15479.883,83813.15,336516.12,,
Zambia,ZMB,2006,34324.785,391379.03,1223455.1,15850.121,87712.25,345154.3,,
Zambia,ZMB,2007,28964.4,295461.03,1250471.4,16395.387,88737.63,353171.97,,
Zambia,ZMB,2008,31106.9,251385.77,1295124.2,16963.451,94170.13,364301.47,,
Zambia,ZMB,2009,33329.29,351884.12,1332241.6,17531.639,102450.55,376496.97,,
Zambia,ZMB,2010,36110.684,462791.56,1377434.5,18037.393,118640.96,390108.78,,
Zambia,ZMB,2011,38895.184,492349.72,1423735.6,18634.453,124141.82,401704.66,,
Zambia,ZMB,2012,44187.875,470336.84,1476390.9,19286.422,135405.64,419582.56,,
Zambia,ZMB,2013,46132.36,466240.2,1521829.9,19616.662,143276.55,435079.4,,
Zambia,ZMB,2014,50753.234,308631.2,1575553.1,20057.123,143999.05,451498.06,,
Zambia,ZMB,2015,52329.03,137755.64,1619445,20472.674,143230,469425.06,,
Zambia,ZMB,2016,52743.113,148534.33,1656293.1,20926.672,147645.97,483008.22,,
Zambia,ZMB,2017,52900.69,173273.25,1691479.4,21242.256,150233.25,495308.53,,
Zambia,ZMB,2018,54002.41,187146.36,1727995.4,21606.854,157081.67,509730.56,,
Zambia,ZMB,2019,54283.973,150769.12,1769124.8,21521.324,161609.7,524152.66,,
Zambia,ZMB,2020,53087.27,175782.61,1808167.8,22175.451,166108.42,536365,,
Zambia,ZMB,2021,56032.188,105792.02,1858158.9,23239.357,170728.39,551358.7,,
Zambia,ZMB,2022,57280.73,239970.33,1884164.9,23233.002,174910.62,562650.3,,
Zimbabwe,ZWE,2000,87173.016,99148.65,1237043,26615.738,108602.5,226735.73,,
Zimbabwe,ZWE,2001,88081.92,84344.16,1217489.4,25762.252,110548.79,224983.33,,
Zimbabwe,ZWE,2002,82351.45,72833.92,1214029.2,25710.746,104696.67,234032.69,,
Zimbabwe,ZWE,2003,70144.086,60563.242,1217829.5,25956.473,100332.06,227777.17,,
Zimbabwe,ZWE,2004,68180.85,59068.98,1204603.4,25055.012,100062.82,227881.73,,
Zimbabwe,ZWE,2005,70497.3,64632.46,1215302,26024.795,100689.305,231949.34,,
Zimbabwe,ZWE,2006,61268.727,59691.27,1256714.6,27992.543,100370.99,237437.81,,
Zimbabwe,ZWE,2007,60172.934,60476.816,1284934.2,28720.045,102281.62,242428.72,,
Zimbabwe,ZWE,2008,53040.55,48034.96,1284018.2,28470.818,102059.08,241857.1,,
Zimbabwe,ZWE,2009,54260.03,47079.535,1310567.8,29203.127,106792.55,246518.45,,
Zimbabwe,ZWE,2010,66959.82,66407.99,1328137.8,29020.004,112463.13,250020.06,,
Zimbabwe,ZWE,2011,81207.64,99401.88,1359089.1,29681.326,115830.02,255610.47,,
Zimbabwe,ZWE,2012,86571.3,68048.01,1395026.6,29439.209,117825.375,262312.25,,
Zimbabwe,ZWE,2013,85819.516,68829.82,1408705.5,29290.994,122908.63,265114.5,,
Zimbabwe,ZWE,2014,82594.4,69624.234,1437626.2,29628.299,114277.75,270033.44,,
Zimbabwe,ZWE,2015,80484.445,67034.625,1460973.5,29918.16,116324.23,274269.6,,
Zimbabwe,ZWE,2016,75121.3,60993.727,1484022.8,30163.377,121482.35,276808.28,,
Zimbabwe,ZWE,2017,75438.19,53499.797,1516586.4,30986.271,121797.46,283966.22,,
Zimbabwe,ZWE,2018,83017.195,56813.844,1557406.4,32053.342,124552.945,291076.38,,
Zimbabwe,ZWE,2019,80245.73,53119.727,1574806.2,32554.92,127213.58,294404.97,,
Zimbabwe,ZWE,2020,68585.51,43913.066,1593860.4,32468.018,129913.87,298708.53,,
Zimbabwe,ZWE,2021,71677.44,45332.848,1624347.1,33176.168,132657.84,304506.34,,
Zimbabwe,ZWE,2022,74016.9,51720.855,1626331.6,33233.25,134488.42,305583.12,,